emp_no,birth_date,first_name,last_name,gender,hire_date
10008,19-02-1958,Saniya,Kalloufi,M,15-09-1994
10011,07-11-1953,Mary,Sluis,F,22-01-1990
10012,04-10-1960,Patricio,Bridgland,M,18-12-1992
10016,02-05-1961,Kazuhito,Cappelletti,M,27-01-1995
10017,06-07-1958,Cristinel,Bouloucos,F,03-08-1993
10019,23-01-1953,Lillian,Haddadi,M,30-04-1999
10020,24-12-1952,Mayuko,Warwick,M,26-01-1991
10022,08-07-1952,Shahaf,Famili,M,22-08-1995
10024,05-09-1958,Suzette,Pettey,F,19-05-1997
10026,03-04-1953,Yongqiao,Berztiss,M,20-03-1995
10028,26-11-1963,Domenick,Tempesti,M,22-10-1991
10030,14-07-1958,Elvis,Demeyer,M,17-02-1994
10031,27-01-1959,Karsten,Joslin,M,01-09-1991
10032,09-08-1960,Jeong,Reistad,F,20-06-1990
10036,10-08-1959,Adamantios,Portugali,M,03-01-1992
10037,22-07-1963,Pradeep,Makrucki,M,05-12-1990
10040,13-09-1959,Weiyi,Meriste,F,14-02-1993
10042,26-02-1956,Magy,Stamatiou,F,21-03-1993
10043,19-09-1960,Yishay,Tzvieli,M,20-10-1990
10044,21-09-1961,Mingsen,Casley,F,21-05-1994
10046,23-07-1960,Lucien,Rosenbaum,M,20-06-1992
10049,24-04-1961,Basil,Tramer,F,04-05-1992
10050,21-05-1958,Yinghua,Dredge,M,25-12-1990
10051,28-07-1953,Hidefumi,Caine,M,15-10-1992
10054,04-04-1957,Mayumi,Schueller,M,13-03-1995
10055,06-06-1956,Georgy,Dredge,M,27-04-1992
10056,01-09-1961,Brendon,Bernini,F,01-02-1990
10057,30-05-1954,Ebbe,Callaway,F,15-01-1992
10059,19-09-1953,Alejandro,McAlpine,F,26-06-1991
10062,02-11-1961,Anoosh,Peyn,M,30-08-1991
10073,23-02-1954,Shir,McClurg,M,01-12-1991
10074,28-08-1955,Mokhtar,Bernatsky,F,13-08-1990
10077,18-04-1964,Mona,Azuma,M,02-03-1990
10082,09-09-1963,Parviz,Lortz,M,03-01-1990
10084,25-05-1960,Tuval,Kalloufi,M,15-12-1995
10085,07-11-1962,Kenroku,Malabarba,M,09-04-1994
10086,19-11-1962,Somnath,Foote,M,16-02-1990
10091,04-10-1955,Amabile,Gomatam,M,18-11-1992
10093,11-06-1964,Sailaja,Desikan,M,05-11-1996
10096,16-09-1954,Jayson,Mandell,M,14-01-1990
10097,27-02-1952,Remzi,Waschkowski,M,15-09-1990
10101,15-04-1952,Perla,Heyers,F,28-12-1992
10102,04-11-1959,Paraskevi,Luby,F,26-01-1994
10105,05-02-1962,Hironoby,Piveteau,M,23-03-1999
10106,29-08-1952,Eben,Aingworth,M,19-12-1990
10107,13-06-1956,Dung,Baca,F,22-03-1994
10109,25-11-1958,Mariusz,Prampolini,F,16-06-1993
10114,16-02-1957,Munir,Demeyer,F,17-07-1992
10117,24-10-1961,Kiyotoshi,Blokdijk,F,28-05-1990
10118,29-03-1957,Zhonghui,Zyda,F,13-09-1990
10120,26-03-1960,Armond,Fairtlough,F,06-07-1996
10122,19-01-1965,Ohad,Esposito,M,23-12-1992
10123,12-05-1962,Hinrich,Randi,M,15-01-1993
10124,23-05-1962,Geraldo,Marwedel,M,05-09-1991
10125,13-09-1957,Syozo,Hiltgen,F,26-10-1990
10131,19-02-1952,Magdalena,Eldridge,M,17-11-1994
10132,15-12-1956,Ayakannu,Skrikant,M,30-10-1994
10139,03-03-1963,Ewing,Foong,F,15-03-1998
10140,11-03-1957,Yucel,Auria,F,14-03-1991
10141,17-01-1960,Shahaf,Ishibashi,F,06-05-1993
10142,29-08-1956,Tzvetan,Hettesheimer,M,28-10-1993
10148,04-10-1957,Douadi,Azumi,M,10-10-1995
10151,06-03-1959,Itzchak,Lichtner,M,10-04-1990
10154,17-01-1957,Abdulah,Thibadeau,F,12-12-1990
10155,07-12-1959,Adas,Nastansky,M,05-01-1990
10159,03-03-1955,Serif,Buescher,M,29-05-1991
10162,05-10-1957,Florina,Eugenio,M,01-05-1991
10166,10-05-1953,Samphel,Siegrist,F,01-01-1993
10167,23-05-1958,Duangkaew,Rassart,M,04-04-1992
10169,03-05-1961,Sampalli,Snedden,F,24-07-1992
10172,25-03-1957,Shigeu,Matzen,F,13-10-1995
10173,28-10-1962,Shrikanth,Mahmud,M,21-03-1992
10176,24-01-1957,Brendon,Lenart,F,22-12-1994
10177,08-11-1954,Pragnesh,Iisaka,M,06-02-1993
10179,25-11-1961,Deniz,Duclos,F,04-10-1990
10182,04-02-1961,Moriyoshi,Merey,F,02-09-1990
10183,17-10-1954,Mechthild,Bonifati,M,11-08-1996
10187,26-05-1961,Tommaso,Narwekar,F,01-06-1991
10193,29-06-1960,Masaru,Cheshire,M,28-07-1991
10196,27-01-1954,Marc,Hellwagner,M,16-11-1994
10197,06-08-1963,Kasidit,Krzyzanowski,F,22-11-1993
10199,07-04-1959,Kazuhisa,Ranta,M,29-04-1997
10202,05-01-1956,Greger,Lichtner,M,06-10-1991
10205,20-05-1953,Mabhin,Leijenhorst,F,23-08-1993
10207,28-05-1955,Girolamo,Anandan,F,11-10-1992
10208,02-01-1960,Xiping,Klerer,M,23-12-1991
10209,12-12-1956,Yolla,Ellozy,F,23-11-1991
10210,24-01-1958,Yuping,Alpin,M,10-05-1994
10212,09-05-1959,Divier,Esteva,M,11-07-1990
10213,24-05-1964,Jackson,Kakkad,M,06-11-1992
10218,07-12-1958,Zhenhua,Magalhaes,M,15-01-1997
10219,02-05-1952,Genta,Kolvik,M,31-03-1993
10220,25-05-1958,Kish,Fasbender,F,25-06-1992
10227,04-07-1957,Anneli,Kaiser,M,24-04-1994
10228,21-04-1953,Karoline,Cesareni,F,26-08-1991
10230,11-09-1955,Clyde,Vernadat,M,16-06-1996
10231,21-07-1963,Shaowen,Desikan,F,13-04-1996
10232,11-03-1956,Marko,Auria,F,04-06-1992
10234,18-01-1961,Arunachalam,Bakhtari,M,19-11-1990
10235,27-03-1958,Susanta,Roccetti,F,06-04-1995
10236,26-03-1960,Susumu,Bade,F,30-08-1996
10239,31-03-1955,Nikolaos,Llado,F,08-05-1995
10240,01-04-1952,Remko,Maccarone,M,06-10-1998
10247,30-06-1964,Heon,Riefers,F,14-08-1992
10248,24-09-1955,Frederique,Tempesti,F,13-08-1991
10249,10-06-1954,Marie,Boreale,M,08-12-1991
10250,12-08-1958,Serap,Etalle,M,30-08-1992
10251,25-04-1957,Alair,Rosenbaum,M,25-06-1992
10252,30-01-1961,Shirish,Wegerle,F,08-11-1990
10254,07-12-1959,Shen,Brattka,M,14-06-1990
10255,08-02-1964,Roddy,Garnick,M,12-05-1993
10260,14-07-1961,Alper,Suomi,F,13-04-1991
10261,25-12-1959,Mang,Erie,M,20-10-1993
10262,04-08-1955,Mahendra,Maraist,F,27-07-1992
10263,08-02-1961,Takahiro,Waterhouse,M,05-02-1994
10264,08-09-1958,Nalini,Kawashimo,F,16-07-1997
10266,24-02-1958,Sukumar,Rassart,M,25-05-1990
10267,16-01-1956,Shaunak,Cullers,M,11-12-1996
10270,30-01-1963,Bedir,Hartvigsen,F,26-04-1990
10274,23-08-1957,Dmitri,Pearson,F,21-04-1991
10278,09-03-1955,Lubomir,Nitsch,M,17-05-1991
10279,20-08-1964,Barton,Jumpertz,F,20-12-1994
10281,13-05-1953,Moty,Kusakari,M,03-12-1994
10284,08-04-1954,Masali,Murrill,F,02-07-1997
10285,21-09-1956,Zhonghui,Preusig,F,27-02-1995
10287,28-11-1963,Marie,Pietracaprina,M,28-12-1992
10288,02-06-1959,Selwyn,Perri,M,29-08-1994
10289,30-11-1956,Shay,Poulakidas,M,06-06-1990
10290,29-05-1957,Yongmao,Pleszkun,M,18-09-1991
10293,24-11-1956,Mihalis,Avouris,F,12-12-1992
10294,05-01-1955,Rutger,Miara,M,08-04-1996
10295,13-01-1953,Kristine,Velardi,M,27-08-1990
10298,06-07-1954,Dietrich,DuCasse,F,30-03-1999
10299,21-06-1960,Ipke,Stentiford,F,10-01-1990
10300,12-07-1960,Tadahiko,Ulupinar,F,17-05-1991
10303,11-09-1961,Marlo,Zschoche,M,05-02-1990
10304,07-03-1956,Bernt,Erie,M,16-11-1992
10306,02-06-1953,Heng,Kilgour,M,06-09-1993
10307,20-07-1955,Nikolaos,Leaver,M,10-04-1991
10308,14-03-1961,Dzung,Holburn,F,29-12-1992
10310,29-08-1964,Aksel,Alencar,M,24-10-1990
10311,24-11-1958,Hsiangchu,Molenkamp,F,01-04-1991
10313,30-05-1962,Subbu,Riexinger,M,10-10-1994
10321,12-12-1955,Guenter,Ravishankar,M,24-09-1991
10322,28-05-1954,Isamu,Dahlbom,F,29-01-1990
10323,20-06-1958,Kankanahalli,Hinsberger,M,06-06-1991
10325,12-01-1953,Arunachalam,Badr,M,20-09-1990
10328,28-06-1955,Serenella,Kawashima,M,16-01-1994
10333,27-04-1953,Snehasis,Dymetman,M,16-01-1993
10334,02-04-1958,Falguni,Erie,M,28-12-1996
10335,13-03-1963,Toshimori,Bahi,F,06-04-1992
10336,16-07-1961,Goa,Rothe,F,07-01-1992
10337,10-12-1957,Jeong,Sadowsky,M,06-08-1995
10343,01-11-1954,Dinah,Syrzycki,M,14-10-1993
10344,24-07-1957,Uwe,Garnier,F,25-06-1994
10345,13-12-1960,Arra,Ratnakar,M,08-11-1993
10348,11-03-1956,Mahendra,Picco,F,22-10-1995
10349,29-04-1954,Oksana,Brodie,F,28-09-1991
10350,14-11-1954,Kristen,Kavvadias,F,19-08-1990
10352,28-01-1960,Erzsebet,Ohori,M,21-01-1996
10354,21-04-1961,Moto,Kusakari,M,26-03-1996
10357,10-01-1964,Hausi,Sidhu,M,04-04-1994
10358,08-04-1953,Qunsheng,Tagansky,M,19-02-1991
10359,18-04-1960,Heekeun,Sambasivam,F,09-05-1991
10360,04-11-1960,Irene,Munck,M,04-09-1996
10366,25-01-1960,Morrie,Piazza,M,11-04-1994
10367,24-12-1955,Hyuckchul,Gini,M,24-06-1991
10368,25-03-1956,Hatim,Koshiba,M,05-04-1991
10370,03-08-1957,Clyde,Fandrianto,M,04-04-1992
10373,08-01-1959,Hongzue,Heijenga,M,26-04-1997
10374,08-10-1955,Willard,Rosin,F,08-12-1993
10375,09-10-1957,Dante,Kalafatis,F,29-05-1994
10377,19-08-1954,Marl,Grospietsch,M,07-05-1990
10378,05-09-1964,Takahira,Lichtner,M,30-12-1990
10379,02-03-1957,Mikhail,Rosis,M,15-07-1996
10381,04-03-1963,Jiong,Parfitt,M,04-12-1991
10382,12-06-1955,Shirish,Dredge,M,04-07-1990
10383,13-11-1963,Leucio,Aumann,M,19-06-1991
10385,14-05-1963,Khatoun,Imataki,M,20-12-1992
10388,29-03-1953,Hironoby,Kaiser,M,24-03-1996
10389,24-03-1953,Make,Peir,M,31-10-1995
10392,17-02-1962,Jiann,Hainaut,M,01-03-1992
10394,22-05-1957,Shawna,Meriste,M,14-03-1991
10397,11-11-1955,Irena,Reutenauer,M,21-05-1993
10398,16-07-1958,Shooichi,Escriba,F,12-10-1990
10400,16-12-1961,Ortrud,Nitto,M,17-10-1993
10401,25-04-1962,Eckart,Barriga,M,05-04-1991
10403,01-04-1956,Atreyi,Mungall,F,13-09-1991
10407,05-07-1955,Ulf,Siepmann,M,08-03-1990
10408,17-03-1964,Martijn,Kaiser,M,07-10-1998
10409,28-08-1958,Mario,Straney,M,09-07-1997
10410,19-01-1965,Takahito,Gecsei,F,16-10-1993
10413,05-05-1952,Danel,Impagliazzo,F,26-03-1990
10414,09-04-1954,Yinlin,Alpin,M,30-05-1990
10415,12-11-1957,Mark,Coorg,M,25-10-1993
10417,02-02-1964,Bingning,Bakhtari,M,12-03-1992
10419,22-06-1964,Maria,Bauknecht,F,25-04-1992
10422,02-06-1954,Greger,Rubsam,F,07-12-1990
10423,10-01-1956,Dante,Cronin,F,06-09-1998
10425,24-10-1963,Sashi,Osgood,M,29-10-1991
10427,13-08-1958,Khosrow,Sudbeck,F,01-11-1991
10428,25-06-1957,Cathie,Brlek,M,04-06-1992
10430,30-06-1958,Ferdinand,Chenney,M,16-11-1990
10434,17-07-1959,Dzung,Peltason,F,27-06-1995
10437,07-07-1956,Narain,Reeker,F,12-04-1996
10438,25-12-1961,Evgueni,Srimani,F,19-01-1990
10439,09-04-1958,Jolita,Jarecki,M,11-01-1990
10440,10-04-1959,Akeel,Narahara,F,31-03-1994
10444,29-07-1956,Kazuhira,Rosis,M,31-03-1993
10446,08-02-1960,Ebru,Chepyzhov,F,17-11-1994
10448,10-12-1963,Phule,Oxenboll,F,12-03-1992
10450,05-11-1959,Khun,Harbusch,M,17-01-1990
10456,24-01-1963,Stepehn,Hardjono,F,25-12-1995
10457,10-11-1963,Oddvar,Schlenzig,M,23-11-1991
10459,30-09-1959,Ennio,Trogemann,M,28-06-1997
10460,19-02-1963,Shushma,VanScheik,M,01-07-1994
10462,08-04-1956,Sumali,Schlenzig,M,25-03-1996
10468,28-08-1960,Yoshimitsu,Shobatake,M,28-05-1991
10471,30-11-1963,Jouko,Yamaashi,M,18-11-1990
10472,20-08-1959,Salvador,Lodder,M,29-07-1996
10478,08-03-1957,Maik,Ushiama,M,09-06-1992
10482,17-07-1961,Goa,Pleszkun,F,20-07-1991
10483,13-03-1957,Zhiwei,Anick,M,08-11-1992
10484,30-08-1961,Nirmal,Varley,F,31-10-1995
10487,23-08-1956,Perla,Middleton,F,14-08-1992
10488,17-10-1959,Mihalis,Heering,M,09-06-1994
10490,28-09-1961,Huiqun,Vuskovic,F,07-10-1992
10491,09-09-1964,Garnik,Narahari,M,17-01-1990
10493,12-01-1962,Maris,Haraldson,M,16-05-1992
10497,09-06-1953,Pramod,Rabehasaina,M,22-01-1992
10500,29-04-1957,Vojin,Narwekar,M,16-12-1996
10502,07-10-1957,Yonghoan,Marshall,M,04-03-1993
10503,17-05-1952,Dannz,Pell,M,30-04-1991
10506,06-10-1958,Kazuhisa,Kroll,F,01-12-1996
10508,02-06-1962,Kotesh,Liedekerke,M,01-05-1991
10509,03-10-1953,Abdelwaheb,Riesenhuber,F,23-02-1990
10510,13-02-1960,Keung,Slobodova,F,20-04-1990
10511,18-06-1963,Khoa,Marrevee,M,27-01-1992
10513,07-07-1959,Yuichiro,Schicker,F,02-04-1991
10514,03-04-1963,Tomofumi,McClure,M,29-04-1992
10517,18-06-1953,Tiina,Speek,M,25-12-1990
10518,23-05-1963,Marin,Lanphier,M,03-09-1993
10520,06-03-1964,Jenwei,Ecklund,M,27-03-1994
10525,29-03-1963,Yuchang,Lunt,M,08-07-1990
10527,15-09-1964,Tetsushi,Barvinok,F,25-01-1996
10528,16-05-1963,Koichi,Lakshmanan,F,29-12-1991
10529,21-11-1952,Ymte,Yetto,M,05-01-1992
10531,11-06-1954,Oguz,Gimbel,F,20-02-1991
10537,29-06-1962,Stella,Benzmuller,M,25-09-1996
10539,13-05-1959,Yucel,Reinhard,M,05-06-1990
10540,24-02-1961,Martins,Barriga,M,03-05-1994
10543,06-10-1962,Lein,Lichtman,M,16-10-1998
10544,01-02-1962,Ishfaq,Krzyzanowski,F,29-04-1995
10545,12-01-1963,Hauke,dAstous,M,30-06-1990
10549,20-03-1957,Beshir,Kisuki,M,26-10-1995
10552,25-03-1953,Kazuhito,Shiratori,M,18-08-1998
10554,01-08-1958,Dines,Gerlach,M,28-11-1990
10556,31-12-1962,JoAnna,Taubman,F,15-04-1992
10558,08-10-1964,Hisao,Famili,M,06-04-1990
10561,07-09-1958,Serge,Joslin,F,15-12-1990
10562,17-04-1963,Shuky,Pearson,M,06-07-1996
10563,27-10-1956,Mohit,Spelt,M,29-09-1992
10565,05-11-1961,Yishay,Harnett,M,09-01-1992
10567,21-05-1957,Dietrich,Journel,M,18-10-1992
10573,23-02-1964,Tetsushi,Speel,F,07-07-1993
10574,11-11-1960,Salvador,Olano,F,16-02-1990
10577,20-09-1957,Ennio,Schmiedel,M,18-08-1990
10586,23-06-1954,Kirk,Vuskovic,M,04-02-1992
10589,25-09-1958,Subbu,Sanella,M,26-01-1994
10592,01-08-1964,Almudena,Alvarado,M,05-06-1990
10593,24-07-1952,Falguni,Kenevan,M,12-09-1990
10596,24-01-1954,Sanjit,Coors,M,01-04-1995
10597,07-05-1961,Lucien,Schaad,F,01-04-1990
10601,23-10-1959,Barton,Usdin,M,29-08-1994
10603,02-08-1955,Wayne,Restivo,M,20-07-1995
10604,24-04-1957,Susanna,Brizzi,M,07-04-1990
10607,30-11-1964,Rosalyn,Hambrick,F,18-06-1990
10609,02-10-1956,Janche,Zhang,M,03-12-1994
10610,24-06-1955,Irena,Roccetti,F,11-04-1996
10612,01-01-1959,Gil,Peroz,M,02-09-1991
10613,04-11-1960,Inderjeet,Jansen,M,01-09-1990
10614,11-07-1953,Gila,Ozeri,F,03-03-1990
10615,30-08-1955,Keung,Delgrande,M,10-03-1996
10620,23-11-1959,Marit,Veeraraghavan,M,10-11-1990
10621,03-02-1962,Hinrich,Siepmann,F,23-06-1991
10624,19-12-1955,Sham,Gyorkos,F,07-05-1990
10626,26-06-1957,Danil,Deverell,M,03-12-1996
10627,06-10-1962,Shigeu,Itzfeldt,M,07-11-1991
10630,10-08-1954,Bezalel,Katzenelson,F,26-06-1993
10634,01-08-1954,Nahid,Chepyzhov,M,11-11-1990
10635,29-10-1960,Toney,Angiulli,F,22-09-1991
10636,25-08-1955,Saeko,Porotnikoff,F,16-11-1994
10637,11-07-1954,Heejo,Frolund,M,11-07-1993
10638,04-11-1960,Jenwei,Borovoy,M,19-05-1991
10639,18-04-1953,Pramod,Erol,M,25-10-1992
10640,09-11-1958,Anneke,Meszaros,M,04-12-1992
10641,24-12-1953,Guozhong,Zucker,M,21-03-1993
10647,12-01-1960,Tesuro,Bahk,M,28-09-1995
10649,25-03-1956,Vitali,Welham,M,10-09-1997
10650,09-04-1959,Hongzhu,Chepyzhov,M,04-10-1992
10652,25-04-1960,Danai,Chachaty,M,12-02-1990
10658,21-11-1956,Junsik,Rijckaert,F,29-04-1994
10659,09-12-1956,Dinah,Shackel,F,20-09-1991
10663,09-01-1965,Teunis,Noriega,M,23-01-1993
10667,05-08-1955,Makato,Cusworth,F,25-06-1990
10669,30-05-1956,Yurij,Iisaka,F,09-06-1995
10673,26-12-1959,Hyuckchul,Casperson,M,01-03-1990
10675,26-03-1960,Ymte,Waschkowski,F,05-11-1991
10677,20-02-1963,Alejandra,Perng,F,07-10-1996
10679,25-09-1956,Neven,Brender,M,13-05-1990
10681,25-12-1964,Florina,Garnier,M,25-10-1992
10682,04-07-1956,Bedir,Haumacher,M,09-11-1990
10683,18-06-1952,Guiseppe,Stranks,F,07-09-1993
10684,23-01-1956,Aimee,Tokunaga,F,28-10-1999
10685,14-01-1959,Zongyan,Cusworth,M,24-04-1990
10687,25-07-1961,Leon,Kaiser,F,13-03-1990
10692,11-08-1960,Larisa,Bage,M,22-03-1993
10696,23-03-1952,Unal,Fendler,M,09-09-1991
10697,09-04-1958,Bluma,Hiltgen,M,04-03-1998
10698,13-09-1959,Barton,Engberts,M,08-12-1994
10703,13-06-1958,Giri,Baumann,F,12-05-1996
10705,17-06-1963,Hironobu,Wynblatt,M,18-07-1990
10707,04-06-1957,Moty,Trystram,M,24-12-1990
10708,02-07-1959,Aral,Erman,M,18-05-1996
10710,25-12-1962,Sorina,Kermarrec,M,10-01-1992
10711,20-06-1963,Arvind,DuBourdieux,F,21-06-1991
10712,12-04-1952,Uma,Koprowski,F,18-08-1994
10714,28-09-1960,Aran,Sadowsky,M,11-03-1997
10715,21-11-1959,Goa,Poehlman,M,25-09-1995
10719,26-09-1959,Guenter,Karunanithi,F,05-09-1995
10721,12-07-1964,Bernd,Redmiles,F,17-03-1995
10723,14-01-1964,Eckart,Harnett,F,26-05-1993
10724,06-10-1957,Aluzio,Narlikar,M,04-11-1991
10725,22-10-1958,Garnet,Isard,M,08-09-1990
10727,16-06-1959,Saeed,Kitai,F,08-01-1991
10732,22-04-1962,Morris,Andreotta,F,10-03-1991
10733,06-04-1962,Sangeeta,Rodham,F,20-02-1996
10736,09-07-1962,Gurbir,Hellwagner,F,26-09-1991
10737,10-10-1960,Vincent,Schwartzbauer,M,15-10-1990
10740,19-04-1956,Suzette,Sadowski,M,15-08-1995
10742,13-03-1955,Shim,Wiegley,M,03-01-1991
10746,29-12-1958,Kolar,Usery,F,31-08-1990
10747,02-02-1955,Falguni,Khalid,M,08-10-1990
10748,12-04-1964,Yuchang,Francisci,F,14-08-1990
10750,14-06-1953,Roddy,Demeyer,F,04-08-1991
10752,18-07-1964,Byong,Conde,M,28-05-1993
10756,24-06-1958,Paddy,Brizzi,M,21-11-1995
10759,12-04-1956,JiYoung,Chenney,M,04-12-1991
10760,27-05-1963,Phillip,Dratva,M,15-06-1994
10761,10-04-1959,Sumali,Liedekerke,M,30-05-1992
10762,19-01-1965,Lech,Himler,M,21-01-1992
10765,24-02-1961,Goetz,Norsworthy,M,07-05-1994
10766,10-06-1964,Nathalie,Standera,M,05-08-1996
10774,03-10-1958,Jacqueline,Masand,M,26-01-1990
10781,19-09-1958,Patricio,Leuchs,M,04-02-1991
10782,18-09-1952,Kish,Perna,F,21-10-1991
10783,13-11-1963,Moty,Kenevan,M,15-05-1994
10785,09-02-1963,Keiichiro,Marzano,M,11-11-1994
10787,10-07-1958,Shiv,Neimat,F,16-04-1991
10788,28-06-1963,Frazer,Ullian,M,13-12-1993
10790,01-04-1962,Yurij,Schonegge,M,03-07-1990
10794,26-06-1962,Teunis,Berztiss,M,29-03-1992
10796,30-06-1959,Khoa,Rousseau,M,08-11-1990
10798,18-07-1961,Elliott,Bednarek,M,09-02-1992
10800,15-12-1961,Yuchang,Matzke,M,20-05-1993
10801,05-03-1953,Uinam,Zschoche,M,27-06-1994
10804,20-02-1964,Terresa,Benantar,M,18-04-1996
10806,17-10-1958,Giap,Matzel,M,25-04-1993
10810,23-10-1957,Lijie,Lunn,F,07-09-1994
10811,29-06-1954,Ashish,Fortenbacher,M,08-07-1997
10813,04-07-1954,Shalesh,Shumilov,M,27-04-1990
10814,17-09-1952,Nidapan,Dymetman,F,17-07-1993
10815,12-11-1960,Renny,Pramanik,M,19-04-1994
10817,02-10-1958,Uri,Rullman,F,26-12-1990
10818,20-12-1958,Huan,Monarch,M,22-10-1995
10823,13-06-1956,Arfst,Mikschl,M,02-01-1995
10826,06-12-1952,Arnd,Anandan,M,22-01-1993
10827,25-09-1953,Willard,Danley,M,07-11-1996
10829,11-07-1955,Alper,Narahara,F,22-02-1993
10830,17-08-1954,Fen,Fiebach,M,24-08-1991
10831,11-10-1953,Toong,Driscoll,M,21-06-1996
10834,16-12-1954,Huiqun,Rajcani,M,24-11-1990
10838,19-10-1957,Deniz,Ramras,M,11-04-1990
10839,02-04-1964,Gurbir,Katiyar,M,05-10-1991
10840,26-04-1961,Mohammad,Koshino,M,04-06-1993
10841,14-10-1961,Pranav,Lieberherr,M,21-04-1990
10843,05-09-1961,Honesty,Smeets,M,26-04-1990
10846,27-06-1952,Tokuyasu,Serre,M,26-01-1994
10849,05-03-1953,Makato,Mayerwieser,M,25-06-1995
10850,01-01-1963,Florina,Schapire,F,22-04-1990
10851,15-11-1959,Piyawadee,Copas,M,21-11-1994
10852,24-11-1959,Hercules,Munck,F,21-03-1996
10853,22-03-1964,Yoshinari,Kalloufi,F,03-05-1993
10854,11-08-1954,Jagoda,Nannarelli,M,13-07-1998
10855,07-08-1957,Kwangho,Reinhart,M,05-08-1991
10857,11-06-1957,Fusako,Stenning,F,04-04-1990
10858,01-10-1952,Kenroku,Gonthier,M,15-08-1996
10859,16-10-1961,King,Bernini,F,03-01-1993
10860,05-11-1961,Gino,Werthner,M,11-03-1992
10865,16-03-1961,Danco,Etalle,M,19-04-1991
10866,13-12-1959,Fayez,Yeung,F,27-12-1990
10868,11-05-1959,Houman,Unno,F,20-03-1990
10869,09-10-1962,Guangming,Jonsson,F,15-03-1996
10872,21-02-1952,Karoline,Speel,F,06-09-1990
10873,09-07-1952,Sukumar,Wegerle,M,23-03-1994
10876,05-08-1955,Vincent,Papastamatiou,F,29-01-1995
10881,13-06-1959,Katsuo,Miake,M,18-04-1996
10882,01-11-1953,Fun,Heuser,M,29-11-1994
10884,07-03-1958,Teunis,Kleiser,F,15-04-1993
10885,06-05-1953,Rayond,Cronau,M,19-08-1991
10886,30-09-1964,Sushant,Begiun,M,26-03-1995
10891,15-12-1963,Susanne,Jiang,F,07-12-1990
10892,13-12-1959,Kazunori,Vieth,M,11-04-1990
10894,21-08-1958,Suebskul,Srimani,F,18-07-1991
10896,12-04-1964,Adil,Taubenfeld,M,08-10-1994
10900,18-07-1955,Ferdinand,Prenel,F,07-09-1995
10901,12-06-1959,Chrisa,Narahara,M,30-10-1992
10902,09-05-1964,Inderjeet,Perly,M,22-04-1990
10904,28-08-1959,Debatosh,Colorni,F,16-04-1993
10906,06-02-1952,Munehiro,Carrere,F,20-01-1994
10913,03-09-1952,Narain,Thummel,M,25-06-1992
10914,26-04-1956,Mizuhito,Prochazka,M,24-03-1998
10916,03-01-1962,Make,Spataro,M,01-07-1996
10920,08-04-1955,Ronghao,Narahara,M,09-07-1991
10922,27-10-1953,Kyoichi,Wossner,M,09-08-1992
10923,29-04-1957,Younwoo,Maquelin,M,09-04-1990
10926,13-10-1954,Leni,Eppinger,F,30-04-1990
10928,01-11-1961,Udaiprakash,Schmezko,M,07-04-1991
10929,26-10-1958,Sumali,Arlazarov,M,15-04-1991
10930,13-01-1954,Arch,Minakawa,M,09-08-1990
10931,30-06-1963,Abdulla,Beutelspacher,F,14-06-1992
10932,19-11-1955,Avishai,Picci,F,09-09-1994
10933,24-01-1965,Juyoung,Seghrouchni,F,02-08-1993
10934,21-05-1960,Bartek,Strooper,F,11-11-1993
10935,09-08-1961,Morris,Famili,M,09-03-1990
10939,13-07-1964,Matk,Akazan,M,01-11-1990
10940,07-01-1953,Aleksander,Fioravanti,F,02-12-1994
10941,26-08-1960,Katsuyuki,Norsworthy,M,22-08-1993
10944,25-05-1952,Remko,Zyda,M,24-05-1991
10945,25-09-1959,Kazuhiro,Kushnir,F,04-07-1990
10946,08-09-1956,Shaz,Kabayashi,M,04-02-1996
10947,29-09-1954,Gor,Usery,F,16-11-1995
10948,23-12-1952,Shigehito,Brodie,M,30-09-1996
10949,14-08-1953,Shigeichiro,Wroclawski,F,13-03-1990
10950,07-12-1958,Sushant,Staylopatis,M,08-06-1996
10954,16-11-1964,Ranga,Burnard,F,07-08-1990
10956,02-02-1955,Arno,Picel,M,29-06-1992
10959,19-06-1956,Kerryn,Vigier,M,01-03-1994
10964,02-04-1962,Takushi,Bolsens,F,11-10-1990
10967,01-10-1962,Eran,Adachi,M,01-08-1993
10970,24-08-1962,Gen,Tiemann,F,16-09-1994
10971,08-02-1955,Isamu,Vadhan,M,30-07-1991
10976,27-01-1963,Hitomi,Valette,F,06-12-1992
10985,31-05-1952,Chiradeep,Furedi,F,10-12-1990
10987,26-11-1952,Flemming,Baezner,M,19-12-1995
10991,22-05-1957,Munehiro,Aingworth,M,21-05-1993
10993,17-11-1958,Arve,Erde,F,29-05-1992
10995,26-02-1963,Chenye,Hertweck,F,19-07-1997
10996,01-02-1955,Matk,Rahimi,F,07-02-1990
10997,30-08-1959,Alselm,Parascandalo,F,06-05-1994
10998,17-02-1956,Marlo,Kandlur,M,28-06-1992
10999,04-12-1961,Insup,Benveniste,F,05-03-1996
11002,26-02-1952,Bluma,Ulupinar,M,23-12-1996
11004,05-08-1954,JoAnna,Decleir,F,19-01-1992
11007,16-03-1962,Olivera,Maccarone,M,11-04-1991
11013,31-03-1961,Breannda,Vesel,M,13-09-1996
11014,22-09-1959,Baoqiu,Vecchi,M,23-08-1994
11015,24-01-1965,Jeanna,Riesenhuber,M,29-05-1992
11017,23-11-1959,Jovan,Sanella,F,28-07-1992
11023,08-01-1964,Yifei,Driscoll,M,12-06-1990
11024,17-06-1954,Manton,Collavizza,M,05-04-1995
11026,24-11-1957,Heon,Ossenbruggen,M,08-11-1991
11029,12-07-1962,Georgi,Itzfeldt,M,27-12-1992
11032,19-04-1953,Erez,Schaaf,M,12-03-1992
11033,01-03-1957,Shushma,Bahk,F,02-10-1990
11034,23-10-1961,Moti,Shrader,F,01-01-1993
11035,25-09-1963,Bangqing,Atrawala,M,06-10-1992
11039,04-12-1961,Raimond,Pintelas,F,10-07-1993
11043,04-03-1961,Iara,Range,M,25-06-1993
11044,18-03-1959,Elvia,Cherinka,M,15-11-1990
11046,17-01-1961,Jixiang,Verhaegen,F,21-01-1994
11047,11-03-1959,Heping,Gluchowski,F,19-07-1995
11049,12-02-1963,Gift,Apsitis,F,12-05-1995
11053,30-03-1957,Sampalli,Brobst,M,06-04-1992
11055,10-08-1956,Shaleah,Neiman,M,25-05-1995
11056,24-10-1955,Palash,Speel,F,19-08-1992
11057,13-02-1959,Adly,Vural,M,12-07-1996
11060,30-06-1953,Genevieve,Pokrovskii,F,03-05-1991
11061,11-11-1954,Pintsang,Erni,M,19-02-1993
11062,07-11-1956,Shay,Rettelbach,F,18-10-1990
11063,19-10-1958,Zhenbing,Gente,F,09-01-1996
11064,10-08-1952,Shawna,Vieri,F,28-02-1990
11066,06-11-1954,Shaz,Langford,M,04-10-1995
11071,18-07-1954,Kwan,Sigstam,F,23-05-1992
11074,17-08-1963,Spyrose,Peak,M,23-04-1992
11075,28-10-1954,Karsten,Belinskaya,F,29-10-1996
11076,15-05-1963,Youssef,Schaad,M,09-10-1992
11077,28-01-1953,Hideyuki,Merro,F,10-10-1995
11078,10-12-1959,Beshir,Chenoweth,M,07-01-1990
11079,18-09-1952,Piyush,Garigliano,M,09-10-1993
11082,26-07-1962,Deniz,Fontan,M,01-12-1992
11084,03-07-1955,Greger,Senzako,M,31-05-1990
11087,17-05-1954,Changho,Jayawardene,M,10-10-1994
11089,18-02-1955,Conal,Henders,F,13-08-1994
11091,10-10-1952,Souichi,Ramsay,F,21-01-1992
11092,28-09-1954,Narain,Stamatiou,M,30-03-1992
11094,28-08-1958,Xiaoshan,Ratnaker,F,26-08-1991
11095,31-12-1961,Nathan,Flowers,M,28-05-1994
11098,11-09-1953,Arnd,Covnot,F,02-04-1990
11101,31-10-1961,Manibrata,Horswill,M,26-06-1992
11102,14-03-1959,Bernardo,Carrera,M,03-01-1991
11104,06-05-1961,Hein,Swan,M,20-09-1993
11105,17-12-1956,Holgard,McAlpine,M,13-01-1990
11107,19-06-1958,Martijn,Meriste,F,02-05-1998
11108,15-04-1962,Danae,Grabner,F,12-06-1992
11111,14-07-1954,Udi,Zastre,F,25-12-1994
11115,27-06-1958,Sahrah,Demos,M,03-11-1998
11116,08-06-1960,Sverrir,Milicic,M,23-10-1992
11117,29-06-1958,Bluma,Kavvadias,M,22-08-1994
11119,09-07-1955,Ramzi,Luga,F,21-06-1994
11122,12-08-1964,Aleksandar,Randi,F,08-10-1993
11124,12-07-1963,Gladys,Porenta,M,16-04-1990
11126,08-01-1965,Hideo,Daescu,F,25-02-1992
11127,26-08-1956,Mayumi,Pashtan,M,12-03-1991
11129,17-08-1964,Goncalo,Pulkowski,M,26-10-1993
11130,17-01-1953,Xinyu,Menhoudj,M,07-06-1993
11131,18-02-1964,Weiye,Zambonelli,M,07-07-1993
11132,01-08-1952,Kristin,Harnett,M,30-08-1994
11135,14-09-1958,Xinyu,Mellouli,M,22-10-1991
11140,30-04-1957,Elgin,Gihr,M,04-07-1993
11143,06-03-1955,Yongdong,Rosen,M,09-05-1996
11144,07-12-1954,Carrsten,Heinisuo,M,18-11-1993
11145,14-01-1954,Jinxi,Baak,F,06-02-1990
11147,26-09-1955,Ayonca,Nitsch,M,28-01-1992
11153,01-02-1957,Honglan,Simmen,M,13-02-1990
11155,08-11-1961,Moon,Yetto,F,08-09-1990
11156,13-04-1954,Tomoyuki,Armand,M,07-09-1995
11158,23-02-1952,Masaki,Hagimont,M,20-04-1996
11163,17-11-1957,Djenana,Huttel,M,24-02-1993
11165,07-06-1957,Kolar,Pietrzykowski,M,30-04-1995
11166,27-05-1958,Weiyi,Antonisse,M,04-09-1990
11168,03-05-1953,Shmuel,Tetzlaff,F,15-07-1996
11171,01-12-1961,Yuguang,Passino,F,04-10-1992
11174,14-09-1952,Akhilish,Milicia,M,24-05-1996
11175,30-06-1963,Aksel,Rajaraman,M,15-03-1991
11177,09-04-1954,Chrisa,dAstous,M,05-04-1998
11179,25-06-1960,Kerhong,Veccia,F,31-03-1992
11181,28-05-1952,Hausi,Cullers,M,11-07-1992
11183,26-06-1960,Herbert,Serdy,M,28-12-1990
11185,10-04-1954,Aloys,Baezner,M,26-01-1995
11186,15-07-1953,Kshitij,Stasinski,M,10-12-1994
11189,07-03-1953,Dante,Bodoff,F,07-09-1991
11190,26-09-1960,Saeko,Mellouli,M,06-03-1992
11191,20-10-1963,Pradeep,Crooks,M,28-04-1990
11192,06-09-1952,Apostol,Bahr,M,30-09-1991
11195,04-09-1953,Masanao,Lovengreen,M,13-06-1991
11196,13-05-1958,Gennadi,Breugel,M,17-11-1992
11201,20-05-1952,Jouko,Masaki,M,31-10-1995
11205,05-02-1962,Tayeb,Ebeling,M,23-08-1993
11206,14-07-1954,Steen,Sury,M,07-05-1993
11209,25-06-1964,Xuejun,Penn,M,06-09-1997
11213,19-10-1955,Vugranam,Munoz,F,17-06-1998
11214,03-03-1961,Elgin,Ibel,F,25-11-1991
11215,30-03-1959,Rimon,Sury,F,17-10-1992
11216,22-02-1963,Utz,Perng,M,11-06-1991
11218,03-06-1953,Kirk,Hemaspaandra,M,06-04-1994
11219,20-05-1956,Youpyo,Heuter,M,08-01-1991
11225,25-04-1963,Maria,Schicker,M,11-09-1990
11229,20-10-1953,Gretta,Ramamoorthy,M,26-07-1991
11230,28-12-1956,Yakichi,Tzvieli,M,06-12-1990
11233,08-05-1952,Sanjit,Waschkowski,F,17-06-1991
11234,17-06-1961,Tooru,Vingron,M,21-08-1990
11236,27-01-1963,Marek,Orlowska,M,24-03-1994
11241,23-09-1956,Yolla,Clemencon,M,12-08-1997
11243,14-06-1955,Udi,Desikan,F,08-12-1994
11245,24-03-1960,Jaideep,Pews,F,25-11-1994
11246,16-11-1964,Maik,Reinhart,M,14-01-1992
11247,12-01-1958,Ranga,Rebaine,M,05-02-1993
11248,08-11-1956,Uinam,Tsukuda,M,03-02-1997
11250,15-08-1957,Sverrir,Cusworth,M,30-06-1992
11253,11-09-1952,Koldo,Pokrovskii,M,22-05-1992
11254,14-12-1954,Danel,Rindone,F,19-12-1998
11258,12-10-1953,Aris,Maccarone,F,28-03-1991
11260,11-06-1963,Ingemar,Schade,M,29-09-1993
11262,24-12-1962,Bokyung,Melski,M,30-04-1994
11266,09-08-1955,Florina,Rohrbach,M,04-04-1995
11269,02-04-1962,Garnik,Slutz,M,22-11-1992
11277,17-09-1961,Munehiro,Ritcey,M,18-01-1990
11282,31-01-1964,Josyula,Schaad,M,11-02-1991
11285,23-02-1962,Randy,Koshino,M,03-03-1997
11293,12-10-1958,Naftali,Birge,F,08-08-1992
11297,19-03-1954,Geraldo,Levergood,M,04-12-1990
11298,08-08-1956,Jiong,Alvarado,M,13-12-1991
11300,14-12-1952,Lillian,Fontet,M,10-09-1992
11302,20-06-1955,Shem,Senzako,M,01-07-1991
11304,01-03-1959,Rajmohan,Azadmanesh,F,10-09-1991
11306,01-11-1956,Subhankar,Reeken,M,20-11-1996
11309,28-05-1963,Caolyn,Ranai,M,24-01-1994
11310,01-02-1961,Jianhua,Swab,M,24-11-1991
11311,28-04-1958,Hyuckchul,Bahk,F,15-12-1994
11312,24-11-1956,Shih,Terlouw,F,23-01-1994
11314,28-12-1958,Vasiliy,Jenevein,F,10-04-1990
11315,21-04-1955,Neven,Meriste,M,17-07-1999
11316,02-11-1963,Ult,Farrar,F,18-07-1997
11321,25-06-1959,Heping,Fontan,M,18-03-1995
11323,24-05-1964,Hyuckchul,Pfau,M,13-02-1995
11325,06-02-1952,Samphel,Rossi,F,10-01-1999
11326,15-09-1952,Munenori,Plesums,F,19-02-1990
11327,20-07-1959,Irena,Krohm,M,02-05-1990
11330,21-08-1961,Chriss,Adachi,M,28-06-1990
11335,20-11-1960,Bernd,Plump,M,08-10-1991
11336,25-04-1963,Kazuhisa,Gewali,M,05-06-1998
11337,31-07-1964,Hercules,Brendel,F,20-11-1994
11340,04-12-1952,Aris,Bala,M,11-09-1991
11342,29-12-1959,Xudong,Butner,M,03-02-1998
11344,31-01-1956,Paddy,Gulak,M,10-05-1990
11349,05-09-1953,Yurii,Hammerschmidt,M,27-06-1992
11351,01-01-1957,Kristina,Vasanthakumar,F,20-11-1998
11355,12-09-1962,Shim,Gecsei,M,29-11-1993
11357,25-05-1958,Radoslaw,Azevdeo,M,15-05-1993
11358,21-04-1960,Nevin,Petereit,F,02-06-1990
11366,15-01-1961,Yinlin,Rajaraman,M,09-02-1993
11368,31-07-1959,Gino,Bail,M,06-01-1992
11369,01-10-1961,Alair,Camarinopoulos,F,05-08-1991
11372,04-09-1953,Susanta,Vilarrasa,M,14-05-1993
11374,25-01-1960,Remzi,Matzat,F,12-12-1993
11377,26-01-1960,Dayanand,Rosti,F,18-10-1991
11379,14-10-1961,Guiseppe,Chenoweth,M,24-06-1994
11381,06-09-1960,Shir,Vural,M,12-08-1991
11382,04-04-1962,Akemi,Otillio,M,04-06-1991
11383,22-02-1964,Billur,Herbst,M,18-03-1992
11384,17-12-1962,Jaana,Veccia,F,03-06-1994
11387,18-07-1954,Jordanka,Kalloufi,M,11-05-1997
11390,22-03-1962,Masali,Ambroszkiewicz,M,19-12-1990
11391,26-03-1963,Jouko,Antonakopoulos,M,14-10-1994
11392,27-01-1956,Fatemeh,Reeken,M,12-02-1997
11396,06-02-1955,Anneke,Servieres,F,04-02-1997
11397,01-09-1963,Fumiya,Kisuki,F,12-12-1992
11401,20-12-1952,Huan,Merey,F,15-04-1995
11405,22-09-1960,Clyde,Kobuchi,F,14-04-1993
11407,11-01-1962,Thanasis,Thebaut,M,06-05-1991
11408,13-01-1961,Shahab,Serot,F,28-05-1995
11409,02-05-1958,Martial,Siepmann,F,23-11-1996
11410,27-11-1953,Gro,Vendrig,M,13-07-1997
11411,06-04-1962,Shigehito,Giaccio,F,17-05-1992
11417,20-11-1954,Anneli,Cyne,M,15-05-1990
11418,21-03-1954,Satosi,Cooley,F,27-07-1991
11419,19-07-1957,Leaf,Terkki,M,13-04-1996
11420,30-04-1955,Tsutomu,Lalonde,F,31-01-1992
11422,03-06-1956,Thanasis,Ghalwash,F,04-12-1990
11423,16-09-1954,Guangming,Kopetz,M,14-06-1993
11425,20-11-1955,Renee,Crelier,M,27-08-1990
11427,15-08-1963,Haldun,Iisaka,F,25-02-1994
11428,08-07-1953,Remco,Reinhart,M,31-07-1994
11430,23-01-1957,Georgi,Klassen,M,27-02-1996
11434,14-09-1956,Prodip,Brendel,M,18-10-1992
11436,25-02-1961,Christfried,Lindqvist,M,29-08-1995
11437,18-07-1956,Supot,Vidya,M,12-08-1991
11438,09-04-1959,Morris,Heping,M,17-11-1994
11439,29-09-1957,Fei,Wendorf,M,27-07-1995
11444,17-11-1963,Sangeeta,Leuchs,M,01-01-1992
11445,02-01-1963,Lijie,Denny,M,25-04-1997
11448,19-01-1960,Yolla,Biron,M,26-08-1995
11451,05-05-1955,Eben,Rajaraman,M,20-05-1990
11452,16-01-1953,Shigehito,Luby,F,26-08-1993
11453,18-11-1962,Fei,Lakshmanan,M,13-07-1990
11454,07-08-1961,Yolla,Zedlitz,M,02-01-1990
11455,13-10-1959,Jianhui,Wolniewicz,M,14-08-1994
11456,21-07-1958,Anyuan,Seuren,F,05-12-1998
11457,06-02-1959,Marl,Vesna,M,10-02-1991
11460,19-11-1955,Mana,Maraist,M,14-03-1992
11462,28-01-1959,Chikara,Maginnis,M,27-04-1990
11463,06-08-1960,Rajmohan,Kamber,F,17-05-1992
11464,22-10-1962,Boutros,Simkin,M,30-05-1992
11467,21-11-1958,Seshu,Bazelow,F,16-06-1993
11468,02-12-1955,Navin,Maksimenko,F,19-03-1996
11470,11-10-1962,Khalid,Michaels,M,26-11-1991
11472,18-04-1961,Constantino,Ghandeharizadeh,M,30-04-1990
11474,17-04-1953,Gennady,Akazan,M,26-07-1990
11475,25-04-1957,Dekang,Siegrist,F,04-08-1997
11476,20-06-1954,Manton,Yoshizawa,F,15-01-1994
11478,18-03-1962,Nidapan,Ginneken,M,29-08-1993
11479,02-12-1953,Shridhar,Pleszkun,M,23-08-1998
11480,13-09-1960,Masoud,Itschner,F,13-03-1990
11482,16-10-1964,Uri,Deverell,F,03-04-1991
11483,30-01-1959,Zine,Mateescu,M,02-12-1993
11484,08-04-1959,Holgard,Siepmann,M,22-01-1995
11485,27-06-1959,Nahid,Khalil,M,04-10-1991
11487,11-07-1963,Arumugam,Cairo,M,09-07-1993
11490,10-09-1957,Bedir,Osgood,M,28-04-1990
11492,02-07-1962,Menkae,Mikschl,F,15-03-1994
11493,13-02-1957,Shen,Sevcikova,M,22-07-1995
11494,27-07-1959,Neelam,Kabayashi,F,14-02-1991
11497,20-01-1957,Bodh,Brodie,F,30-04-1992
11498,21-07-1957,Shigenori,Rabehasaina,M,19-01-1994
11500,06-11-1960,Ranan,Weedon,M,07-05-1991
11502,24-03-1959,Zhaofang,Cochrane,M,04-06-1991
11503,01-08-1953,Nathan,Picht,F,25-01-1993
11504,16-06-1962,Saeed,Ananiadou,F,30-09-1990
11507,27-01-1956,Kristian,Cangellaris,M,19-05-1994
11510,12-11-1957,Masamitsu,Wursthorn,M,28-07-1996
11511,02-06-1964,Arlette,Mikschl,M,06-09-1991
11516,06-01-1958,Hironoby,Sethi,M,26-07-1992
11520,01-01-1958,Pranas,Jervis,F,20-11-1991
11521,14-06-1952,Eldridge,Eastman,F,17-10-1995
11522,24-05-1957,Yishay,Peris,M,26-10-1991
11523,25-01-1953,Yuguang,Pezzoli,F,23-12-1992
11526,19-04-1954,Tonny,Impagliazzo,M,23-02-1992
11531,08-09-1952,Radhika,Motley,M,27-02-1990
11532,01-03-1958,Shahab,Cromarty,M,01-12-1991
11533,30-10-1953,Vitaly,Lorch,M,20-08-1991
11536,07-10-1959,Mahmut,Pintelas,F,06-09-1991
11539,17-12-1957,Yechiam,Zaumen,M,15-05-1993
11540,26-01-1954,Chanjung,Portugali,M,09-02-1993
11541,25-05-1957,Chinhyun,Coombs,F,05-04-1990
11544,05-09-1964,Elzbieta,Thimonier,F,02-03-1993
11547,30-03-1960,Kyoichi,Flexer,F,18-01-1991
11550,27-08-1962,Divine,Georgakopoulos,M,16-12-1997
11553,14-01-1960,Toshimitsu,Aloia,M,21-01-1991
11557,22-12-1959,Candido,Pesch,F,18-08-1998
11558,20-06-1959,Sungwon,Hofting,M,18-09-1996
11559,08-06-1961,Jaihie,Nollmann,F,17-12-1990
11573,18-12-1952,Pranas,Hutton,F,04-02-1990
11575,22-02-1955,Godehard,Plotkin,F,19-12-1991
11577,11-01-1953,Mayumi,Deyuan,M,23-09-1992
11581,12-04-1953,Patricio,Rosenbaum,F,13-11-1992
11582,21-08-1961,Willard,Baar,M,08-04-1990
11585,28-05-1959,Chaitali,Vandervoorde,M,13-10-1994
11586,02-08-1963,Shridhar,Orsini,M,09-09-1997
11589,10-01-1955,Gina,Plessier,F,23-02-1994
11590,12-10-1961,Adel,Eppinger,M,26-06-1997
11592,21-09-1956,Hilary,Nishimukai,M,14-12-1991
11594,30-01-1962,Pradeep,Butner,M,28-05-1991
11595,26-02-1953,Takanari,Kamber,M,23-01-1992
11596,22-12-1952,Yannik,Gunderson,F,21-11-1993
11597,10-04-1955,Yongdong,Talmon,M,01-02-1990
11598,07-06-1964,Sariel,Ertl,M,02-04-1994
11601,17-11-1958,Erez,Ritzmann,M,07-04-1990
11602,09-08-1953,Somnath,Malabarba,M,21-06-1993
11604,11-07-1962,Deborah,Baar,M,11-12-1990
11606,05-11-1952,Perry,Pepe,M,07-01-1994
11609,27-08-1964,Sigeru,Marrakchi,M,03-08-1991
11612,15-01-1962,Siamak,Baar,F,10-12-1990
11616,12-07-1954,Zhilian,Brendel,F,15-01-1991
11618,08-02-1964,Gian,Juneja,F,14-01-1991
11619,14-08-1958,Taiji,Ozeki,F,01-09-1992
11622,14-10-1962,Moon,Ginneken,M,09-11-1990
11623,18-03-1964,Becky,Jullig,M,05-03-1990
11627,24-09-1964,Zeljko,Schreiter,M,01-11-1991
11630,21-03-1960,Heekeun,Ballarin,M,15-12-1996
11631,18-11-1960,Kristin,Malinowski,M,14-04-1992
11632,15-01-1956,Baoqiu,Bach,M,29-12-1990
11633,09-06-1959,Kazuyasu,Teitelbaum,F,27-08-1991
11634,19-02-1961,Turgut,Fraisse,M,25-08-1994
11636,16-06-1955,Fumitaka,Shiratori,M,16-11-1992
11641,13-10-1955,Chikako,Rothenberg,M,01-07-1990
11642,23-06-1956,Dmitri,Verhoeff,M,01-12-1991
11643,09-12-1957,Gila,Redmiles,M,17-12-1993
11644,08-04-1952,Sanjit,Zaiane,F,28-01-1991
11646,22-06-1953,Lobel,Rubsam,M,11-06-1992
11648,26-09-1959,Gill,Ponthieu,M,15-02-1992
11649,07-10-1954,Shen,Bernardinello,F,05-02-1991
11650,16-11-1959,Arra,Luiz,M,13-01-1994
11653,06-05-1963,Mohammed,Ananiadou,F,26-02-1993
11656,08-01-1963,Aimee,Muniz,F,10-03-1992
11658,13-04-1961,Hongzue,Streng,M,03-01-1992
11661,05-02-1963,Candida,Moffat,M,24-08-1995
11664,27-08-1955,Oksana,Brizzi,F,07-09-1990
11667,15-05-1955,Kristian,Marchegay,F,08-09-1990
11677,19-02-1958,Shooichi,Luit,F,12-09-1991
11679,23-12-1960,Bedrich,Denna,M,02-01-1991
11680,23-04-1958,Aral,Iwayama,M,13-05-1990
11683,14-05-1956,Mayumi,Chartres,F,11-02-1990
11685,27-02-1958,Ulf,Erde,M,10-09-1992
11688,04-09-1958,Denis,Coullard,F,29-10-1994
11690,10-11-1953,Domenick,Raczkowsky,M,23-09-1997
11697,20-12-1957,JoAnne,Merey,F,06-11-1999
11698,10-04-1959,Arun,Azevdeo,M,28-06-1991
11699,17-12-1958,Fumiya,Desikan,M,20-01-1994
11704,09-11-1964,Naftali,Baalen,M,27-02-1992
11706,17-06-1961,Tesuya,Remmers,M,02-02-1996
11708,22-12-1953,Chenye,Angot,F,18-09-1992
11712,17-07-1961,Mohua,Lyonns,M,06-11-1992
11713,27-02-1952,Danel,Heusch,M,04-10-1994
11717,11-06-1956,Mona,Chaudhury,F,10-09-1990
11718,31-07-1956,Richard,Marshall,F,11-08-1996
11720,10-08-1957,Abdulla,Heusch,F,24-08-1990
11721,22-02-1961,Xuejun,Heydon,F,30-11-1990
11722,08-08-1957,Atreyi,Sudbeck,F,18-12-1997
11723,22-12-1962,Halsur,Bauknecht,F,26-09-1992
11726,18-04-1960,Eldridge,Reghbati,M,29-05-1990
11727,12-12-1961,Baziley,Felcyn,M,07-03-1992
11729,12-04-1957,Xiong,Engberts,M,20-05-1993
11730,20-08-1959,Tzu,Delaune,M,10-10-1997
11731,07-04-1961,Fumitaka,Gargeya,M,23-12-1993
11733,25-05-1954,Leszek,Sudbeck,F,12-01-1992
11734,28-07-1963,Ramya,Baezner,F,30-04-1990
11736,21-08-1953,Shugo,Uchoa,M,25-03-1990
11737,17-07-1952,Martina,Garnier,M,11-07-1995
11742,15-03-1957,Vasilis,Narwekar,F,12-04-1996
11743,05-04-1956,Clyde,Huttel,F,17-04-1996
11748,07-03-1953,Lihong,Massonet,M,20-12-1992
11750,16-08-1956,Mong,Dalphin,F,07-08-1993
11752,11-11-1964,Bingning,Etalle,M,10-11-1992
11754,18-05-1958,Malu,Magliocco,F,23-08-1999
11755,16-08-1954,Zhenbing,Karner,F,05-12-1990
11756,24-02-1955,Abdelwaheb,Vakili,M,17-10-1996
11758,27-01-1958,Jinpo,Gerlach,M,03-10-1993
11761,17-07-1964,Bartek,Aamodt,M,12-06-1991
11762,17-05-1958,Kerhong,Greibach,M,10-05-1992
11763,19-08-1953,Yuriy,Liesche,F,08-11-1996
11765,17-08-1955,Zorica,Junet,F,04-07-1991
11770,26-08-1955,Arumugam,Jakobus,F,29-11-1992
11774,11-07-1954,Aron,Wroclawski,M,30-12-1997
11777,17-12-1962,Mayumi,Cooley,M,12-12-1990
11778,23-04-1953,Dhritiman,Fontan,F,28-12-1992
11779,07-06-1952,Shunichi,Thombley,M,06-05-1990
11782,02-04-1962,Tesuro,Lanzelotte,M,01-02-1991
11783,19-06-1959,Mihalis,Macedo,F,14-07-1994
11784,15-01-1958,Sastry,Bael,M,07-12-1995
11786,12-11-1963,Sarita,Birch,M,14-04-1995
11791,07-11-1955,Gal,Mamelak,F,15-11-1994
11793,13-08-1960,Barun,Harllee,M,06-06-1996
11795,15-12-1960,Herbert,Erman,F,24-03-1992
11800,09-12-1958,Aamer,Fraisse,M,08-08-1990
11801,22-11-1953,Tommaso,Dayang,M,05-09-1990
11803,10-12-1957,Arnd,Perko,F,25-03-1993
11806,26-01-1962,Shan,Leivant,M,02-04-1996
11807,25-12-1955,Chriss,Binding,F,11-07-1992
11811,05-07-1953,Herb,Boissier,M,28-03-1992
11814,16-09-1954,Manohar,Shinomoto,F,08-06-1993
11816,26-04-1964,Masako,Besselaar,M,05-08-1991
11820,26-11-1961,Danil,Badache,M,20-06-1993
11821,18-10-1954,Mary,Piazza,F,13-12-1995
11823,25-09-1954,Weiyi,Iacovou,M,23-10-1995
11824,05-01-1960,Zhensheng,Karcich,M,09-10-1993
11827,07-02-1956,Gretta,Rando,M,09-09-1991
11829,01-08-1952,Chaosheng,Pettis,F,17-02-1999
11831,23-10-1963,Udaiprakash,Billingsley,M,18-07-1993
11834,20-05-1962,Mana,Wegerle,F,04-04-1990
11835,13-09-1961,Arnould,Hofman,F,24-02-1990
11837,26-03-1957,Shigeaki,Sury,F,15-06-1990
11841,21-04-1955,Elvia,Bugrara,M,07-09-1992
11842,31-03-1954,Moto,Piazza,M,11-12-1991
11845,28-08-1957,Lein,Validov,F,23-07-1991
11846,24-04-1954,Fai,Perly,F,21-11-1993
11847,05-03-1954,Tzvetan,Brandsma,F,13-01-1996
11848,19-09-1958,Amabile,Haumacher,M,24-11-1993
11849,06-05-1958,Chenye,Homond,M,27-08-1991
11850,23-10-1964,Bikash,Maginnis,M,10-02-1991
11851,28-12-1961,Suvo,Copas,M,04-05-1991
11854,11-02-1959,Fabrizio,Gire,F,30-06-1992
11855,15-07-1960,Hilari,Janetzko,F,24-12-1991
11860,29-07-1964,Chriss,DeMori,F,04-10-1992
11861,12-03-1962,Vincent,Claffy,F,28-05-1990
11862,25-01-1954,Alejandra,Deville,M,20-01-1993
11865,08-01-1957,Kasturi,Rodham,M,24-05-1994
11869,14-09-1955,Fumino,Luca,F,12-08-1996
11873,09-08-1960,Venkatesan,Reeken,F,14-11-1998
11874,30-10-1956,Baoqiu,Motley,M,27-07-1995
11875,13-02-1959,Luisa,Sambasivam,F,25-07-1992
11876,17-09-1954,Leszek,Kobuchi,M,08-06-1991
11877,15-06-1953,Heng,Sudkamp,F,27-01-1994
11878,06-10-1960,Oldrich,Henders,F,20-03-1990
11880,22-08-1960,Akeel,Esposito,F,31-01-1993
11881,06-08-1952,Arra,Staelin,M,08-04-1990
11882,09-09-1960,Zhonghua,Manders,F,18-09-1991
11884,10-04-1963,Patricia,Moehrke,M,18-06-1998
11885,20-05-1962,Sandeepan,Velasco,M,10-03-1990
11886,26-12-1957,Snehasis,Veevers,M,02-10-1994
11887,25-05-1957,Marke,Kragelund,M,17-10-1994
11888,05-04-1952,Badri,Azulay,M,28-11-1994
11889,11-06-1956,Guiseppe,Baez,M,25-12-1996
11890,23-10-1959,Remmert,Kirkerud,M,09-02-1990
11891,16-06-1960,Hyuncheol,Bail,M,20-03-1991
11892,01-09-1960,Tesuro,Lorys,M,09-08-1993
11893,06-07-1959,Vitali,Zobel,M,11-11-1995
11895,09-05-1964,Flemming,Schreiter,M,29-01-1990
11896,14-06-1953,Shaunak,Benzmuller,M,04-07-1990
11899,07-10-1961,Bodh,Munke,M,30-12-1995
11900,06-04-1961,Tse,Ermel,M,26-05-1990
11903,02-01-1961,Aiichiro,Vilarrasa,M,09-12-1990
11904,05-07-1962,DeForest,Flasterstein,M,06-06-1993
11907,02-08-1958,Takahito,Cromarty,M,27-02-1992
11910,23-09-1961,Tamiya,Luders,F,12-09-1992
11911,08-07-1952,Ashish,Mondadori,M,05-06-1990
11917,26-03-1955,Jiakeng,VanScheik,F,10-09-1995
11919,20-01-1959,Hyuncheol,Hedayat,F,28-10-1990
11923,17-07-1957,Breannda,Gustavson,F,04-07-1994
11924,19-03-1963,Hirochika,Worfolk,M,17-06-1991
11925,15-04-1956,Feiyu,Pashtan,M,02-06-1996
11926,06-04-1955,Leni,Felcyn,F,18-09-1998
11928,01-09-1959,Mang,Wroclawski,M,24-06-1992
11930,03-01-1962,Shai,Radivojevic,F,14-01-1991
11934,06-11-1958,Diederik,Deville,M,03-11-1993
11935,23-03-1963,Aamer,Jayawardene,M,26-10-1996
11936,18-11-1956,Oddvar,Jonsson,F,26-05-1993
11937,30-12-1961,Zissis,Baba,M,19-04-1996
11938,14-01-1954,Aruna,Verspoor,M,15-07-1994
11939,25-10-1954,Chinhyun,Basart,F,14-08-1992
11940,24-06-1954,Ult,Anido,F,02-11-1996
11943,17-06-1957,Ramalingam,Chachaty,F,26-01-1992
11944,15-05-1952,Along,Aumann,M,14-06-1991
11945,17-02-1952,Limsoon,Marakhovsky,F,22-07-1991
11946,21-01-1959,Charlene,Maraist,F,29-05-1992
11947,27-10-1957,Kiyomitsu,Lortz,M,24-10-1995
11948,21-02-1952,Yahiko,Nergos,F,12-01-1990
11952,11-04-1956,Mayuko,Munro,F,19-12-1995
11956,31-03-1958,Mokhtar,Maccarone,M,15-08-1991
11957,13-06-1958,Frederique,Radivojevic,F,02-04-1992
11959,14-02-1962,Duro,Pettis,M,03-04-1991
11961,01-10-1957,Sumant,Birdsall,F,26-06-1997
11964,07-01-1962,Tzu,Norsworthy,F,25-09-1994
11965,03-12-1954,Arup,Morrey,M,20-03-1990
11968,13-08-1964,Mitchel,Dayang,M,15-02-1993
11969,27-08-1957,Sibyl,Lorcy,M,27-09-1994
11972,01-10-1954,Sibyl,Beausoleil,F,07-10-1990
11975,04-03-1956,Ger,Moehrke,M,24-03-1991
11979,09-10-1962,Abdulah,Akazan,F,08-09-1994
11980,03-07-1955,Yechezkel,Pews,M,20-01-1992
11981,11-04-1964,LiMin,Horswill,M,14-09-1990
11984,04-06-1962,Vasilii,Luit,F,15-02-1990
11986,12-01-1963,Reinhard,Azuma,M,06-08-1991
11994,11-02-1953,Sigeru,Fiebach,F,11-11-1993
11996,25-01-1957,Ayakannu,Junot,M,21-01-1994
11997,19-06-1954,Heon,Mawatari,F,03-11-1995
11998,09-04-1958,Conal,Juneja,M,16-12-1991
12002,17-09-1959,Seongbae,Kavraki,M,14-10-1994
12003,15-04-1961,Luise,McFarlan,M,20-11-1992
12005,27-07-1958,Shir,DuCasse,M,30-03-1993
12008,13-09-1953,Frederique,Zykh,F,07-08-1991
12009,26-09-1963,Sariel,Stifter,M,28-11-1994
12012,06-07-1961,Syozo,Zolotykh,F,14-01-1993
12013,09-09-1960,Baziley,Vidya,F,06-08-1990
12015,26-08-1954,Kensei,Guenter,M,04-01-1999
12016,16-03-1960,Charlene,Schaaf,F,28-07-1991
12017,24-11-1962,Tsutomu,Rijsenbrij,F,21-06-1992
12018,23-12-1956,Fai,Morton,F,23-07-1990
12021,11-03-1955,Chikara,Rahimi,M,30-09-1991
12022,15-04-1956,Herbert,Kaltofen,M,18-04-1992
12023,05-07-1954,Chuanyi,Eppinger,M,08-12-1994
12024,09-11-1952,Mayumi,Lanzelotte,M,03-11-1997
12028,21-11-1952,Ingemar,Walstra,M,02-09-1992
12030,02-06-1953,Shuky,Cromarty,M,24-06-1996
12034,15-04-1954,Aemilian,Piazza,M,31-10-1993
12035,19-08-1956,Moss,Speer,M,09-12-1992
12040,24-03-1955,Bluma,Kermarrec,F,29-12-1993
12041,12-01-1959,Val,Marsiglia,M,09-08-1990
12042,02-08-1959,Torsten,Swan,F,19-05-1995
12043,11-12-1952,Masaki,Lubachevsky,M,03-04-1991
12044,16-08-1955,Rance,Hemaspaandra,F,19-04-1990
12045,03-02-1962,Mototsugu,Boguraev,F,19-08-1990
12046,16-05-1961,Xiong,Ranum,F,13-01-1996
12047,16-01-1954,Jordanka,Ligten,M,19-01-1992
12054,08-04-1954,Odysseas,Braccini,M,03-01-1994
12055,16-03-1952,Rutger,Kilgore,F,22-06-1990
12059,29-06-1959,Christfried,Kalefeld,F,23-05-1991
12060,25-03-1955,Toshimi,Antonakopoulos,M,21-06-1996
12063,06-07-1955,Lein,Bale,F,24-07-1994
12068,19-11-1963,Valery,Frezza,M,12-05-1990
12071,17-08-1959,Udi,Barinka,F,17-09-1990
12073,15-04-1956,Miyeon,Rubsam,M,10-11-1990
12074,14-01-1957,Mahmut,Bugaenko,M,07-09-1994
12077,17-11-1954,Steve,Hutton,F,30-01-1994
12078,16-05-1959,Gen,Bridgland,F,14-11-1993
12080,16-10-1953,Panayotis,Feinberg,M,17-05-1993
12081,05-06-1956,Wanqing,Prenel,M,03-04-1992
12084,13-02-1962,Morris,Krohm,F,30-05-1996
12090,27-03-1955,Shigenori,Angelopoulos,F,24-07-1998
12093,02-07-1952,Evgueni,Oxenboll,F,19-01-1994
12095,24-05-1953,Fai,Smeets,F,04-04-1990
12096,12-04-1964,Weiwu,Schlenzig,M,17-08-1994
12098,12-08-1957,Pranay,Eugenio,M,21-01-1991
12102,14-10-1952,Aron,Erde,M,10-06-1990
12104,26-03-1955,Dulce,Kohling,F,20-10-1996
12105,14-01-1961,Christfried,Lorcy,F,02-02-1990
12106,01-10-1956,Zissis,Cangellaris,M,24-10-1995
12108,14-06-1963,Akeel,Frezza,M,13-12-1992
12110,18-09-1963,Raimond,Tempesti,F,26-06-1995
12111,11-04-1962,Shakhar,Oberman,M,13-06-1993
12114,05-11-1954,Shiv,Rubsam,M,15-08-1991
12116,18-08-1961,Atreye,Levergood,M,22-06-1993
12117,22-07-1956,Zvonko,Rosaz,F,01-02-1999
12119,26-07-1958,Sachin,Peot,M,06-02-1992
12126,14-10-1963,Vugranam,Parveen,M,01-12-1992
12129,21-06-1959,Hairong,Isaac,M,07-12-1992
12132,02-01-1960,Nigel,Talmon,F,18-12-1993
12133,15-12-1960,Waiman,Sewelson,F,20-07-1991
12135,26-06-1961,Aiman,Rikino,F,21-03-1993
12137,06-10-1959,Palash,Hopewell,F,05-09-1992
12138,02-09-1953,Takahito,Brender,F,31-10-1992
12140,30-07-1952,Xudong,Paciorek,M,15-11-1996
12141,11-02-1956,Shmuel,Gente,F,15-01-1992
12142,19-08-1957,Ronghao,Busillo,M,23-04-1991
12143,25-04-1956,Zeljko,Denti,F,06-01-1996
12144,29-01-1962,Babette,Beausoleil,M,21-10-1990
12148,08-08-1952,Hidde,Garigliano,F,22-03-1996
12150,06-09-1963,Dekang,Boissier,M,25-06-1991
12151,30-05-1963,Takahiro,Sigstam,M,16-04-1990
12152,18-01-1964,Amalendu,Nyrup,M,13-06-1992
