emp_no,salary,from_date,to_date
10001,59461,25-06-1990,25-06-1991
10001,63546,25-06-1991,24-06-1992
10001,66833,24-06-1992,24-06-1993
10001,67786,24-06-1993,24-06-1994
10001,71494,24-06-1994,24-06-1995
10001,72384,24-06-1995,23-06-1996
10001,75513,23-06-1996,23-06-1997
10001,76525,23-06-1997,23-06-1998
10001,74597,23-06-1998,23-06-1999
10001,78417,23-06-1999,22-06-2000
10001,82612,22-06-2000,22-06-2001
10001,82597,22-06-2001,22-06-2002
10001,86458,22-06-2002,01-01-9999
10002,58328,03-08-1996,03-08-1997
10002,58409,03-08-1997,03-08-1998
10002,60034,03-08-1998,03-08-1999
10002,61866,03-08-1999,02-08-2000
10002,64463,02-08-2000,02-08-2001
10002,65027,02-08-2001,01-01-9999
10003,35506,03-12-1995,02-12-1996
10003,39116,02-12-1996,02-12-1997
10003,38966,02-12-1997,02-12-1998
10003,37136,02-12-1998,02-12-1999
10003,36978,02-12-1999,01-12-2000
10003,41199,01-12-2000,01-12-2001
10003,40811,01-12-2001,01-01-9999
10004,40771,30-11-1990,30-11-1991
10004,43094,30-11-1991,29-11-1992
10004,44619,29-11-1992,29-11-1993
10004,47193,29-11-1993,29-11-1994
10004,53826,29-11-1994,29-11-1995
10004,56270,29-11-1995,28-11-1996
10004,58066,28-11-1996,28-11-1997
10004,59840,28-11-1997,28-11-1998
10004,60596,28-11-1998,28-11-1999
10004,63222,28-11-1999,27-11-2000
10004,68198,27-11-2000,27-11-2001
10004,71557,27-11-2001,01-01-9999
10005,75121,12-09-1990,12-09-1991
10005,76235,12-09-1991,11-09-1992
10005,78072,11-09-1992,11-09-1993
10005,77576,11-09-1993,11-09-1994
10005,81550,11-09-1994,11-09-1995
10005,83948,11-09-1995,10-09-1996
10005,83563,10-09-1996,10-09-1997
10005,85224,10-09-1997,10-09-1998
10005,83892,10-09-1998,10-09-1999
10005,84031,10-09-1999,09-09-2000
10005,88953,09-09-2000,09-09-2001
10005,92192,09-09-2001,01-01-9999
10006,32500,05-08-1990,05-08-1991
10006,34585,05-08-1991,04-08-1992
10006,35129,04-08-1992,04-08-1993
10006,38344,04-08-1993,04-08-1994
10006,40018,04-08-1994,04-08-1995
10006,40417,04-08-1995,03-08-1996
10006,44755,03-08-1996,03-08-1997
10006,46247,03-08-1997,03-08-1998
10006,48532,03-08-1998,03-08-1999
10006,50799,03-08-1999,02-08-2000
10006,52598,02-08-2000,02-08-2001
10006,52255,02-08-2001,01-01-9999
10007,53240,10-02-1990,10-02-1991
10007,55245,10-02-1991,10-02-1992
10007,55975,10-02-1992,09-02-1993
10007,55708,09-02-1993,09-02-1994
10007,57063,09-02-1994,09-02-1995
10007,61333,09-02-1995,09-02-1996
10007,62720,09-02-1996,08-02-1997
10007,65862,08-02-1997,08-02-1998
10007,68082,08-02-1998,08-02-1999
10007,72013,08-02-1999,08-02-2000
10007,72583,08-02-2000,07-02-2001
10007,76956,07-02-2001,07-02-2002
10007,80570,07-02-2002,01-01-9999
10008,40171,11-03-1998,11-03-1999
10008,42084,11-03-1999,10-03-2000
10008,50168,10-03-2000,31-07-2000
10009,63389,17-02-1990,17-02-1991
10009,63934,17-02-1991,17-02-1992
10009,67112,17-02-1992,16-02-1993
10009,69018,16-02-1993,16-02-1994
10009,70835,16-02-1994,16-02-1995
10009,73444,16-02-1995,16-02-1996
10009,75007,16-02-1996,15-02-1997
10009,78375,15-02-1997,15-02-1998
10009,81824,15-02-1998,15-02-1999
10009,83168,15-02-1999,15-02-2000
10009,86007,15-02-2000,14-02-2001
10009,86943,14-02-2001,14-02-2002
10009,86909,14-02-2002,01-01-9999
10010,64988,24-11-1996,24-11-1997
10010,66847,24-11-1997,24-11-1998
10010,67905,24-11-1998,24-11-1999
10010,70694,24-11-1999,23-11-2000
10010,72080,23-11-2000,23-11-2001
10010,72824,23-11-2001,01-01-9999
10011,34865,22-01-1990,22-01-1991
10011,36700,22-01-1991,22-01-1992
10011,40714,22-01-1992,21-01-1993
10011,43427,21-01-1993,21-01-1994
10011,43970,21-01-1994,21-01-1995
10011,47045,21-01-1995,21-01-1996
10011,49253,21-01-1996,09-11-1996
10012,32500,18-12-1992,18-12-1993
10012,34367,18-12-1993,18-12-1994
10012,37818,18-12-1994,18-12-1995
10012,39695,18-12-1995,17-12-1996
10012,41960,17-12-1996,17-12-1997
10012,41985,17-12-1997,17-12-1998
10012,40864,17-12-1998,17-12-1999
10012,44622,17-12-1999,16-12-2000
10012,52294,16-12-2000,16-12-2001
10012,51923,16-12-2001,01-01-9999
10013,38805,19-10-1990,19-10-1991
10013,39618,19-10-1991,18-10-1992
10013,42851,18-10-1992,18-10-1993
10013,42387,18-10-1993,18-10-1994
10013,49457,18-10-1994,18-10-1995
10013,53090,18-10-1995,17-10-1996
10013,54728,17-10-1996,17-10-1997
10013,55071,17-10-1997,17-10-1998
10013,56774,17-10-1998,17-10-1999
10013,56852,17-10-1999,16-10-2000
10013,64244,16-10-2000,16-10-2001
10013,66401,16-10-2001,01-01-9999
10014,38668,29-12-1993,29-12-1994
10014,43742,29-12-1994,29-12-1995
10014,43421,29-12-1995,28-12-1996
10014,46215,28-12-1996,28-12-1997
10014,48728,28-12-1997,28-12-1998
10014,49462,28-12-1998,28-12-1999
10014,50437,28-12-1999,27-12-2000
10014,56642,27-12-2000,27-12-2001
10014,58098,27-12-2001,01-01-9999
10015,32500,19-09-1992,22-08-1993
10016,64389,11-02-1998,11-02-1999
10016,68446,11-02-1999,11-02-2000
10016,74326,11-02-2000,10-02-2001
10016,73881,10-02-2001,10-02-2002
10016,75435,10-02-2002,01-01-9999
10017,63880,03-08-1993,03-08-1994
10017,68038,03-08-1994,03-08-1995
10017,72010,03-08-1995,02-08-1996
10017,74663,02-08-1996,02-08-1997
10017,78657,02-08-1997,02-08-1998
10017,82119,02-08-1998,02-08-1999
10017,84485,02-08-1999,01-08-2000
10017,88622,01-08-2000,01-08-2001
10017,91022,01-08-2001,01-08-2002
10017,92151,01-08-2002,01-01-9999
10018,54148,02-04-1990,02-04-1991
10018,53717,02-04-1991,01-04-1992
10018,53744,01-04-1992,01-04-1993
10018,55786,01-04-1993,01-04-1994
10018,58239,01-04-1994,01-04-1995
10018,60019,01-04-1995,31-03-1996
10018,61776,31-03-1996,31-03-1997
10018,65085,31-03-1997,31-03-1998
10018,65304,31-03-1998,31-03-1999
10018,69457,31-03-1999,30-03-2000
10018,72805,30-03-2000,30-03-2001
10018,77041,30-03-2001,30-03-2002
10018,77172,30-03-2002,01-01-9999
10019,37776,30-04-1999,29-04-2000
10019,44446,29-04-2000,29-04-2001
10019,44275,29-04-2001,29-04-2002
10019,47532,29-04-2002,01-01-9999
10020,35500,30-12-1997,30-12-1998
10020,36147,30-12-1998,30-12-1999
10020,37300,30-12-1999,29-12-2000
10020,42427,29-12-2000,29-12-2001
10020,44517,29-12-2001,01-01-9999
10021,52200,09-02-1990,09-02-1991
10021,53351,09-02-1991,09-02-1992
10021,53617,09-02-1992,08-02-1993
10021,53208,08-02-1993,08-02-1994
10021,59014,08-02-1994,08-02-1995
10021,61749,08-02-1995,08-02-1996
10021,66070,08-02-1996,07-02-1997
10021,70259,07-02-1997,07-02-1998
10021,71019,07-02-1998,07-02-1999
10021,72737,07-02-1999,07-02-2000
10021,77131,07-02-2000,06-02-2001
10021,79795,06-02-2001,06-02-2002
10021,81669,06-02-2002,15-07-2002
10022,33500,03-09-1999,02-09-2000
10022,37435,02-09-2000,02-09-2001
10022,38848,02-09-2001,01-01-9999
10023,40383,27-09-1999,26-09-2000
10023,42819,26-09-2000,26-09-2001
10023,42613,26-09-2001,01-01-9999
10024,76233,14-06-1998,14-06-1999
10024,79215,14-06-1999,13-06-2000
10024,83567,13-06-2000,13-06-2001
10024,87201,13-06-2001,13-06-2002
10024,89146,13-06-2002,01-01-9999
10025,42620,16-08-1990,16-08-1991
10025,43480,16-08-1991,15-08-1992
10025,46959,15-08-1992,15-08-1993
10025,46895,15-08-1993,15-08-1994
10025,52143,15-08-1994,15-08-1995
10025,53085,15-08-1995,14-08-1996
10025,52610,14-08-1996,14-08-1997
10025,52657,14-08-1997,15-10-1997
10026,43085,20-03-1995,19-03-1996
10026,47230,19-03-1996,19-03-1997
10026,49182,19-03-1997,19-03-1998
10026,50269,19-03-1998,19-03-1999
10026,53897,19-03-1999,18-03-2000
10026,61632,18-03-2000,18-03-2001
10026,62915,18-03-2001,18-03-2002
10026,63813,18-03-2002,01-01-9999
10027,32500,02-04-1995,01-04-1996
10027,32020,01-04-1996,01-04-1997
10027,34882,01-04-1997,01-04-1998
10027,36154,01-04-1998,01-04-1999
10027,36425,01-04-1999,31-03-2000
10027,37657,31-03-2000,31-03-2001
10027,38271,31-03-2001,31-03-2002
10027,38645,31-03-2002,01-01-9999
10028,41359,22-10-1991,21-10-1992
10028,43305,21-10-1992,21-10-1993
10028,44582,21-10-1993,21-10-1994
10028,50449,21-10-1994,21-10-1995
10028,51463,21-10-1995,20-10-1996
10028,53331,20-10-1996,20-10-1997
10028,54002,20-10-1997,06-04-1998
10029,55663,18-09-1991,17-09-1992
10029,59377,17-09-1992,17-09-1993
10029,61711,17-09-1993,17-09-1994
10029,66124,17-09-1994,17-09-1995
10029,65794,17-09-1995,16-09-1996
10029,66171,16-09-1996,16-09-1997
10029,69010,16-09-1997,16-09-1998
10029,69273,16-09-1998,16-09-1999
10029,69567,16-09-1999,15-09-2000
10029,74108,15-09-2000,15-09-2001
10029,75277,15-09-2001,01-01-9999
10030,62456,17-02-1994,17-02-1995
10030,63893,17-02-1995,17-02-1996
10030,68295,17-02-1996,16-02-1997
10030,71953,16-02-1997,16-02-1998
10030,72790,16-02-1998,16-02-1999
10030,78827,16-02-1999,16-02-2000
10030,84134,16-02-2000,15-02-2001
10030,84527,15-02-2001,15-02-2002
10030,86306,15-02-2002,01-01-9999
10031,32500,01-09-1991,31-08-1992
10031,33359,31-08-1992,31-08-1993
10031,34381,31-08-1993,31-08-1994
10031,39691,31-08-1994,31-08-1995
10031,42702,31-08-1995,30-08-1996
10031,43106,30-08-1996,30-08-1997
10031,46310,30-08-1997,30-08-1998
10031,46175,30-08-1998,30-08-1999
10031,47677,30-08-1999,29-08-2000
10031,51373,29-08-2000,29-08-2001
10031,54189,29-08-2001,01-01-9999
10032,40926,20-06-1990,20-06-1991
10032,41889,20-06-1991,19-06-1992
10032,44500,19-06-1992,19-06-1993
10032,45538,19-06-1993,19-06-1994
10032,46836,19-06-1994,19-06-1995
10032,46478,19-06-1995,18-06-1996
10032,47590,18-06-1996,18-06-1997
10032,49610,18-06-1997,18-06-1998
10032,50426,18-06-1998,18-06-1999
10032,50376,18-06-1999,17-06-2000
10032,54209,17-06-2000,17-06-2001
10032,58320,17-06-2001,17-06-2002
10032,62039,17-06-2002,01-01-9999
10033,48595,17-03-1990,17-03-1991
10033,48538,17-03-1991,16-03-1992
10033,50212,16-03-1992,16-03-1993
10033,52933,16-03-1993,24-03-1993
10034,43061,12-04-1995,11-04-1996
10034,46692,11-04-1996,11-04-1997
10034,48187,11-04-1997,11-04-1998
10034,46612,11-04-1998,11-04-1999
10034,46664,11-04-1999,31-10-1999
10035,38129,05-09-1990,05-09-1991
10035,40860,05-09-1991,04-09-1992
10035,43164,04-09-1992,04-09-1993
10035,45560,04-09-1993,04-09-1994
10035,52140,04-09-1994,04-09-1995
10035,53121,04-09-1995,03-09-1996
10035,54791,03-09-1996,03-09-1997
10035,57293,03-09-1997,03-09-1998
10035,55785,03-09-1998,03-09-1999
10035,58832,03-09-1999,02-09-2000
10035,64084,02-09-2000,02-09-2001
10035,66255,02-09-2001,01-01-9999
10036,35319,28-04-1992,28-04-1993
10036,39256,28-04-1993,28-04-1994
10036,46584,28-04-1994,28-04-1995
10036,47808,28-04-1995,27-04-1996
10036,49328,27-04-1996,27-04-1997
10036,49908,27-04-1997,27-04-1998
10036,47429,27-04-1998,27-04-1999
10036,50079,27-04-1999,26-04-2000
10036,57978,26-04-2000,26-04-2001
10036,58020,26-04-2001,26-04-2002
10036,60553,26-04-2002,01-01-9999
10037,32500,05-12-1990,05-12-1991
10037,32265,05-12-1991,04-12-1992
10037,36065,04-12-1992,04-12-1993
10037,35604,04-12-1993,04-12-1994
10037,41600,04-12-1994,04-12-1995
10037,45235,04-12-1995,03-12-1996
10037,47275,03-12-1996,03-12-1997
10037,48698,03-12-1997,03-12-1998
10037,49770,03-12-1998,03-12-1999
10037,53382,03-12-1999,02-12-2000
10037,58492,02-12-2000,02-12-2001
10037,58074,02-12-2001,01-01-9999
10038,36027,20-09-1990,20-09-1991
10038,39009,20-09-1991,19-09-1992
10038,42374,19-09-1992,19-09-1993
10038,45469,19-09-1993,19-09-1994
10038,52129,19-09-1994,19-09-1995
10038,53579,19-09-1995,18-09-1996
10038,55822,18-09-1996,18-09-1997
10038,57774,18-09-1997,18-09-1998
10038,56017,18-09-1998,18-09-1999
10038,55958,18-09-1999,17-09-2000
10038,61738,17-09-2000,17-09-2001
10038,61754,17-09-2001,01-01-9999
10039,36301,18-01-1990,18-01-1991
10039,38778,18-01-1991,18-01-1992
10039,38338,18-01-1992,17-01-1993
10039,41655,17-01-1993,17-01-1994
10039,48499,17-01-1994,17-01-1995
10039,50537,17-01-1995,17-01-1996
10039,50437,17-01-1996,16-01-1997
10039,50704,16-01-1997,16-01-1998
10039,53093,16-01-1998,16-01-1999
10039,57631,16-01-1999,16-01-2000
10039,59274,16-01-2000,15-01-2001
10039,61092,15-01-2001,15-01-2002
10039,61418,15-01-2002,01-01-9999
10040,44653,14-02-1993,14-02-1994
10040,46033,14-02-1994,14-02-1995
10040,49065,14-02-1995,14-02-1996
10040,52760,14-02-1996,13-02-1997
10040,54601,13-02-1997,13-02-1998
10040,56370,13-02-1998,13-02-1999
10040,57070,13-02-1999,13-02-2000
10040,59516,13-02-2000,12-02-2001
10040,60685,12-02-2001,12-02-2002
10040,65168,12-02-2002,01-01-9999
10041,53324,12-11-1990,12-11-1991
10041,55616,12-11-1991,11-11-1992
10041,56628,11-11-1992,11-11-1993
10041,58115,11-11-1993,11-11-1994
10041,62268,11-11-1994,11-11-1995
10041,62716,11-11-1995,10-11-1996
10041,63822,10-11-1996,10-11-1997
10041,67075,10-11-1997,10-11-1998
10041,68044,10-11-1998,10-11-1999
10041,72246,10-11-1999,09-11-2000
10041,73512,09-11-2000,09-11-2001
10041,74205,09-11-2001,01-01-9999
10042,74162,21-03-1993,21-03-1994
10042,76683,21-03-1994,21-03-1995
10042,76889,21-03-1995,20-03-1996
10042,78001,20-03-1996,20-03-1997
10042,82333,20-03-1997,20-03-1998
10042,83661,20-03-1998,20-03-1999
10042,87535,20-03-1999,19-03-2000
10042,87368,19-03-2000,10-08-2000
10043,41824,20-10-1990,20-10-1991
10043,44448,20-10-1991,19-10-1992
10043,46511,19-10-1992,19-10-1993
10043,50802,19-10-1993,19-10-1994
10043,57791,19-10-1994,19-10-1995
10043,61169,19-10-1995,18-10-1996
10043,61062,18-10-1996,18-10-1997
10043,63828,18-10-1997,18-10-1998
10043,64189,18-10-1998,18-10-1999
10043,66043,18-10-1999,17-10-2000
10043,74177,17-10-2000,17-10-2001
10043,75159,17-10-2001,01-01-9999
10044,33419,21-05-1994,21-05-1995
10044,37717,21-05-1995,20-05-1996
10044,39174,20-05-1996,20-05-1997
10044,41123,20-05-1997,20-05-1998
10044,43877,20-05-1998,20-05-1999
10044,45686,20-05-1999,19-05-2000
10044,48558,19-05-2000,19-05-2001
10044,49310,19-05-2001,19-05-2002
10044,50845,19-05-2002,01-01-9999
10045,37471,16-11-1996,16-11-1997
10045,38414,16-11-1997,16-11-1998
10045,36546,16-11-1998,16-11-1999
10045,37338,16-11-1999,15-11-2000
10045,45484,15-11-2000,15-11-2001
10045,45081,15-11-2001,01-01-9999
10046,32500,20-06-1992,20-06-1993
10046,34885,20-06-1993,20-06-1994
10046,38985,20-06-1994,20-06-1995
10046,38703,20-06-1995,19-06-1996
10046,40650,19-06-1996,19-06-1997
10046,43722,19-06-1997,19-06-1998
10046,44353,19-06-1998,19-06-1999
10046,45771,19-06-1999,18-06-2000
10046,53981,18-06-2000,18-06-2001
10046,57749,18-06-2001,18-06-2002
10046,59718,18-06-2002,01-01-9999
10047,49850,31-03-1990,31-03-1991
10047,52071,31-03-1991,30-03-1992
10047,55351,30-03-1992,30-03-1993
10047,57725,30-03-1993,30-03-1994
10047,61830,30-03-1994,30-03-1995
10047,65492,30-03-1995,29-03-1996
10047,68876,29-03-1996,29-03-1997
10047,70235,29-03-1997,29-03-1998
10047,69248,29-03-1998,29-03-1999
10047,70649,29-03-1999,28-03-2000
10047,75899,28-03-2000,28-03-2001
10047,76069,28-03-2001,28-03-2002
10047,78537,28-03-2002,01-01-9999
10049,32500,04-05-1992,04-05-1993
10049,32235,04-05-1993,04-05-1994
10049,32984,04-05-1994,04-05-1995
10049,33791,04-05-1995,03-05-1996
10049,33801,03-05-1996,03-05-1997
10049,34457,03-05-1997,03-05-1998
10049,34288,03-05-1998,03-05-1999
10049,37120,03-05-1999,02-05-2000
10049,38433,02-05-2000,02-05-2001
10049,41075,02-05-2001,02-05-2002
10049,43826,02-05-2002,01-01-9999
10050,66866,25-12-1990,25-12-1991
10050,71175,25-12-1991,24-12-1992
10050,74720,24-12-1992,24-12-1993
10050,79104,24-12-1993,24-12-1994
10050,83587,24-12-1994,24-12-1995
10050,84336,24-12-1995,23-12-1996
10050,86123,23-12-1996,23-12-1997
10050,87030,23-12-1997,23-12-1998
10050,87189,23-12-1998,23-12-1999
10050,91071,23-12-1999,22-12-2000
10050,95317,22-12-2000,22-12-2001
10050,95330,22-12-2001,01-01-9999
10051,41317,15-10-1992,15-10-1993
10051,43374,15-10-1993,15-10-1994
10051,47747,15-10-1994,15-10-1995
10051,51717,15-10-1995,14-10-1996
10051,54902,14-10-1996,14-10-1997
10051,54512,14-10-1997,14-10-1998
10051,55219,14-10-1998,14-10-1999
10051,54845,14-10-1999,13-10-2000
10051,58900,13-10-2000,13-10-2001
10051,62405,13-10-2001,01-01-9999
10052,52712,31-01-1997,31-01-1998
10052,50408,31-01-1998,31-01-1999
10052,55584,31-01-1999,31-01-2000
10052,60581,31-01-2000,30-01-2001
10052,63950,30-01-2001,30-01-2002
10052,64656,30-01-2002,01-01-9999
10053,60354,13-11-1994,13-11-1995
10053,60412,13-11-1995,12-11-1996
10053,63959,12-11-1996,12-11-1997
10053,63783,12-11-1997,12-11-1998
10053,67322,12-11-1998,12-11-1999
10053,69925,12-11-1999,11-11-2000
10053,70031,11-11-2000,11-11-2001
10053,70978,11-11-2001,01-01-9999
10054,35500,29-07-1995,28-07-1996
10054,38389,28-07-1996,28-07-1997
10054,38346,28-07-1997,28-07-1998
10054,38180,28-07-1998,28-07-1999
10054,38458,28-07-1999,27-07-2000
10054,46891,27-07-2000,27-07-2001
10054,49684,27-07-2001,27-07-2002
10054,51406,27-07-2002,01-01-9999
10055,72524,27-04-1992,27-04-1993
10055,76092,27-04-1993,27-04-1994
10055,82973,27-04-1994,27-04-1995
10055,86343,27-04-1995,22-07-1995
10056,41357,01-02-1990,01-02-1991
10056,43957,01-02-1991,01-02-1992
10056,46369,01-02-1992,31-01-1993
10056,47177,31-01-1993,31-01-1994
10056,48547,31-01-1994,31-01-1995
10056,51752,31-01-1995,31-01-1996
10056,54463,31-01-1996,30-01-1997
10056,58122,30-01-1997,30-01-1998
10056,60148,30-01-1998,30-01-1999
10056,62663,30-01-1999,30-01-2000
10056,62405,30-01-2000,29-01-2001
10056,66504,29-01-2001,29-01-2002
10056,67222,29-01-2002,01-01-9999
10057,42116,15-01-1992,14-01-1993
10057,46397,14-01-1993,14-01-1994
10057,50599,14-01-1994,14-01-1995
10057,51381,14-01-1995,14-01-1996
10057,53513,14-01-1996,13-01-1997
10057,53555,13-01-1997,13-01-1998
10057,53755,13-01-1998,13-01-1999
10057,53466,13-01-1999,13-01-2000
10057,56007,13-01-2000,12-01-2001
10057,58930,12-01-2001,12-01-2002
10057,60561,12-01-2002,01-01-9999
10058,46369,25-04-1990,25-04-1991
10058,47634,25-04-1991,24-04-1992
10058,50382,24-04-1992,24-04-1993
10058,51307,24-04-1993,24-04-1994
10058,58784,24-04-1994,24-04-1995
10058,59166,24-04-1995,23-04-1996
10058,61206,23-04-1996,23-04-1997
10058,63413,23-04-1997,23-04-1998
10058,62123,23-04-1998,23-04-1999
10058,64938,23-04-1999,22-04-2000
10058,69651,22-04-2000,22-04-2001
10058,69863,22-04-2001,22-04-2002
10058,70042,22-04-2002,01-01-9999
10059,63718,26-06-1991,25-06-1992
10059,65799,25-06-1992,25-06-1993
10059,68948,25-06-1993,25-06-1994
10059,73239,25-06-1994,25-06-1995
10059,74818,25-06-1995,24-06-1996
10059,77022,24-06-1996,24-06-1997
10059,78790,24-06-1997,24-06-1998
10059,82324,24-06-1998,24-06-1999
10059,82880,24-06-1999,23-06-2000
10059,83189,23-06-2000,23-06-2001
10059,85780,23-06-2001,23-06-2002
10059,86661,23-06-2002,01-01-9999
10060,68094,28-05-1990,28-05-1991
10060,70272,28-05-1991,27-05-1992
10060,70893,27-05-1992,27-05-1993
10060,70464,27-05-1993,27-05-1994
10060,73557,27-05-1994,27-05-1995
10060,74483,27-05-1995,26-05-1996
10060,75400,26-05-1996,26-05-1997
10060,75184,26-05-1997,26-05-1998
10060,77552,26-05-1998,26-05-1999
10060,79460,26-05-1999,25-05-2000
10060,85273,25-05-2000,25-05-2001
10060,87269,25-05-2001,25-05-2002
10060,90688,25-05-2002,01-01-9999
10061,63635,02-12-1990,02-12-1991
10061,64964,02-12-1991,01-12-1992
10061,67296,01-12-1992,01-12-1993
10061,67444,01-12-1993,01-12-1994
10061,74541,01-12-1994,01-12-1995
10061,75748,01-12-1995,30-11-1996
10061,79945,30-11-1996,30-11-1997
10061,83512,30-11-1997,30-11-1998
10061,84472,30-11-1998,30-11-1999
10061,84871,30-11-1999,29-11-2000
10061,93366,29-11-2000,29-11-2001
10061,94838,29-11-2001,01-01-9999
10062,48185,30-08-1991,29-08-1992
10062,51529,29-08-1992,29-08-1993
10062,52589,29-08-1993,29-08-1994
10062,57694,29-08-1994,29-08-1995
10062,57261,29-08-1995,28-08-1996
10062,60775,28-08-1996,28-08-1997
10062,61044,28-08-1997,28-08-1998
10062,59667,28-08-1998,28-08-1999
10062,59947,28-08-1999,27-08-2000
10062,66284,27-08-2000,27-08-2001
10062,66059,27-08-2001,01-01-9999
10063,34490,08-04-1990,08-04-1991
10063,36842,08-04-1991,07-04-1992
10063,40929,07-04-1992,07-04-1993
10063,44966,07-04-1993,07-04-1994
10063,47323,07-04-1994,07-04-1995
10063,48942,07-04-1995,05-04-1996
10063,52665,05-04-1996,05-04-1997
10063,56352,05-04-1997,06-04-1998
10063,57762,06-04-1998,06-04-1999
10063,61854,06-04-1999,05-04-2000
10063,63528,05-04-2000,05-04-2001
10063,65893,05-04-2001,04-04-2002
10063,67341,04-04-2002,01-01-9999
10064,38395,19-11-1990,19-11-1991
10064,40954,19-11-1991,02-03-1992
10065,33500,24-05-1998,24-05-1999
10065,34003,24-05-1999,23-05-2000
10065,39531,23-05-2000,23-05-2001
10065,41155,23-05-2001,23-05-2002
10065,44937,23-05-2002,01-01-9999
10066,75319,25-02-1990,25-02-1991
10066,76564,25-02-1991,25-02-1992
10066,76661,25-02-1992,24-02-1993
10066,76868,24-02-1993,24-02-1994
10066,83892,24-02-1994,24-02-1995
10066,84308,24-02-1995,24-02-1996
10066,87905,24-02-1996,23-02-1997
10066,91951,23-02-1997,23-02-1998
10066,92156,23-02-1998,23-02-1999
10066,94699,23-02-1999,23-02-2000
10066,99925,23-02-2000,22-02-2001
10066,100174,22-02-2001,22-02-2002
10066,101172,22-02-2002,01-01-9999
10067,43896,03-03-1990,03-03-1991
10067,45308,03-03-1991,02-03-1992
10067,49081,02-03-1992,02-03-1993
10067,50863,02-03-1993,02-03-1994
10067,58107,02-03-1994,02-03-1995
10067,62269,02-03-1995,01-03-1996
10067,65658,01-03-1996,01-03-1997
10067,69230,01-03-1997,01-03-1998
10067,67742,01-03-1998,01-03-1999
10067,71232,01-03-1999,29-02-2000
10067,75120,29-02-2000,28-02-2001
10067,79284,28-02-2001,28-02-2002
10067,80754,28-02-2002,01-01-9999
10068,85974,06-08-1990,06-08-1991
10068,87224,06-08-1991,05-08-1992
10068,89558,05-08-1992,05-08-1993
10068,92505,05-08-1993,05-08-1994
10068,97329,05-08-1994,05-08-1995
10068,97130,05-08-1995,04-08-1996
10068,101033,04-08-1996,04-08-1997
10068,101704,04-08-1997,04-08-1998
10068,101845,04-08-1998,04-08-1999
10068,105123,04-08-1999,03-08-2000
10068,109970,03-08-2000,03-08-2001
10068,110729,03-08-2001,01-01-9999
10069,60432,14-06-1992,14-06-1993
10069,60546,14-06-1993,14-06-1994
10069,60175,14-06-1994,14-06-1995
10069,62376,14-06-1995,13-06-1996
10069,62964,13-06-1996,13-06-1997
10069,64074,13-06-1997,13-06-1998
10069,67138,13-06-1998,13-06-1999
10069,71602,13-06-1999,12-06-2000
10069,75231,12-06-2000,12-06-2001
10069,78431,12-06-2001,12-06-2002
10069,79141,12-06-2002,01-01-9999
10070,57276,13-10-1990,13-10-1991
10070,59723,13-10-1991,12-10-1992
10070,62801,12-10-1992,12-10-1993
10070,66786,12-10-1993,12-10-1994
10070,73438,12-10-1994,12-10-1995
10070,77624,12-10-1995,11-10-1996
10070,79139,11-10-1996,11-10-1997
10070,82999,11-10-1997,11-10-1998
10070,80586,11-10-1998,11-10-1999
10070,84190,11-10-1999,10-10-2000
10070,92154,10-10-2000,10-10-2001
10070,93822,10-10-2001,01-01-9999
10071,35500,05-08-1995,04-08-1996
10071,35587,04-08-1996,04-08-1997
10071,37156,04-08-1997,04-08-1998
10071,36268,04-08-1998,04-08-1999
10071,39795,04-08-1999,03-08-2000
10071,47337,03-08-2000,03-08-2001
10071,50815,03-08-2001,01-01-9999
10072,32067,21-05-1990,21-05-1991
10072,32224,21-05-1991,20-05-1992
10072,33303,20-05-1992,20-05-1993
10072,37281,20-05-1993,20-05-1994
10072,41765,20-05-1994,20-05-1995
10072,46059,20-05-1995,19-05-1996
10072,48603,19-05-1996,19-05-1997
10072,51078,19-05-1997,19-05-1998
10072,53100,19-05-1998,19-05-1999
10072,54674,19-05-1999,18-05-2000
10072,55657,18-05-2000,18-05-2001
10072,57226,18-05-2001,18-05-2002
10072,57012,18-05-2002,01-01-9999
10073,49973,02-02-1998,22-02-1998
10074,54214,13-08-1990,13-08-1991
10074,57239,13-08-1991,12-08-1992
10074,57155,12-08-1992,12-08-1993
10074,60016,12-08-1993,12-08-1994
10074,62519,12-08-1994,12-08-1995
10074,63484,12-08-1995,11-08-1996
10074,64645,11-08-1996,11-08-1997
10074,65509,11-08-1997,11-08-1998
10074,69989,11-08-1998,11-08-1999
10074,70125,11-08-1999,10-08-2000
10074,72434,10-08-2000,10-08-2001
10074,73320,10-08-2001,01-01-9999
10075,38587,17-05-1990,17-05-1991
10075,40265,17-05-1991,16-05-1992
10075,41106,16-05-1992,16-05-1993
10075,41708,16-05-1993,16-05-1994
10075,43599,16-05-1994,16-05-1995
10075,43823,16-05-1995,15-05-1996
10075,43738,15-05-1996,15-05-1997
10075,47963,15-05-1997,15-05-1998
10075,52123,15-05-1998,15-05-1999
10075,56124,15-05-1999,14-05-2000
10075,59992,14-05-2000,15-01-2001
10076,39819,15-07-1996,15-07-1997
10076,43302,15-07-1997,15-07-1998
10076,47283,15-07-1998,15-07-1999
10076,49918,15-07-1999,14-07-2000
10076,52499,14-07-2000,14-07-2001
10076,53618,14-07-2001,14-07-2002
10076,55421,14-07-2002,01-01-9999
10077,35500,23-12-1994,23-12-1995
10077,39245,23-12-1995,22-12-1996
10077,39364,22-12-1996,22-12-1997
10077,42673,22-12-1997,22-12-1998
10077,43455,22-12-1998,22-12-1999
10077,43903,22-12-1999,21-12-2000
10077,49081,21-12-2000,21-12-2001
10077,52199,21-12-2001,01-01-9999
10078,39780,29-09-1994,29-09-1995
10078,39333,29-09-1995,28-09-1996
10078,43152,28-09-1996,28-09-1997
10078,43477,28-09-1997,28-09-1998
10078,43632,28-09-1998,28-09-1999
10078,45630,28-09-1999,27-09-2000
10078,45360,27-09-2000,27-09-2001
10078,47152,27-09-2001,01-01-9999
10079,45992,13-12-1995,12-12-1996
10079,49311,12-12-1996,12-12-1997
10079,49217,12-12-1997,12-12-1998
10079,48756,12-12-1998,12-12-1999
10079,51725,12-12-1999,11-12-2000
10079,56141,11-12-2000,11-12-2001
10079,59731,11-12-2001,01-01-9999
10080,50416,28-09-1994,28-09-1995
10080,52338,28-09-1995,27-09-1996
10080,56242,27-09-1996,27-09-1997
10080,57587,27-09-1997,27-09-1998
10080,58629,27-09-1998,27-09-1999
10080,62191,27-09-1999,26-09-2000
10080,69486,26-09-2000,26-09-2001
10080,70229,26-09-2001,01-01-9999
10081,55672,29-10-1990,29-10-1991
10081,56855,29-10-1991,28-10-1992
10081,56554,28-10-1992,28-10-1993
10081,59296,28-10-1993,28-10-1994
10081,62204,28-10-1994,28-10-1995
10081,63602,28-10-1995,27-10-1996
10081,65382,27-10-1996,27-10-1997
10081,69016,27-10-1997,27-10-1998
10081,68214,27-10-1998,27-10-1999
10081,68234,27-10-1999,26-10-2000
10081,73183,26-10-2000,26-10-2001
10081,76851,26-10-2001,01-01-9999
10082,41435,03-01-1990,15-01-1990
10083,42232,30-03-1990,30-03-1991
10083,46020,30-03-1991,29-03-1992
10083,47444,29-03-1992,29-03-1993
10083,47969,29-03-1993,29-03-1994
10083,54314,29-03-1994,29-03-1995
10083,54786,29-03-1995,28-03-1996
10083,58227,28-03-1996,28-03-1997
10083,60935,28-03-1997,28-03-1998
10083,60642,28-03-1998,28-03-1999
10083,63995,28-03-1999,27-03-2000
10083,70560,27-03-2000,27-03-2001
10083,71256,27-03-2001,27-03-2002
10083,74686,27-03-2002,01-01-9999
10084,65311,15-12-1995,14-12-1996
10084,69793,14-12-1996,14-12-1997
10084,73993,14-12-1997,14-12-1998
10084,75477,14-12-1998,14-12-1999
10084,79912,14-12-1999,13-12-2000
10084,87539,13-12-2000,13-12-2001
10084,91121,13-12-2001,01-01-9999
10085,35500,09-04-1994,09-04-1995
10085,38530,09-04-1995,08-04-1996
10085,41977,08-04-1996,08-04-1997
10085,43207,08-04-1997,08-04-1998
10085,43745,08-04-1998,08-04-1999
10085,46183,08-04-1999,07-04-2000
10085,52676,07-04-2000,07-04-2001
10085,54405,07-04-2001,06-04-2002
10085,58410,06-04-2002,01-01-9999
10086,74113,19-02-1992,18-02-1993
10086,73904,18-02-1993,18-02-1994
10086,76491,18-02-1994,18-02-1995
10086,76441,18-02-1995,18-02-1996
10086,76434,18-02-1996,17-02-1997
10086,79824,17-02-1997,17-02-1998
10086,81549,17-02-1998,17-02-1999
10086,85741,17-02-1999,17-02-2000
10086,89625,17-02-2000,16-02-2001
10086,93971,16-02-2001,16-02-2002
10086,93833,16-02-2002,01-01-9999
10087,89250,08-05-1997,08-05-1998
10087,90700,08-05-1998,08-05-1999
10087,90960,08-05-1999,07-05-2000
10087,95151,07-05-2000,09-01-2001
10088,63274,02-09-1990,02-09-1991
10088,63209,02-09-1991,01-09-1992
10088,66358,01-09-1992,01-09-1993
10088,70802,01-09-1993,01-09-1994
10088,72493,01-09-1994,01-09-1995
10088,72019,01-09-1995,31-08-1996
10088,76255,31-08-1996,31-08-1997
10088,76524,31-08-1997,31-08-1998
10088,80139,31-08-1998,31-08-1999
10088,83796,31-08-1999,30-08-2000
10088,87951,30-08-2000,30-08-2001
10088,90503,30-08-2001,01-01-9999
10089,48665,10-01-1990,10-01-1991
10089,48540,10-01-1991,10-01-1992
10089,52832,10-01-1992,09-01-1993
10089,56049,09-01-1993,09-01-1994
10089,56605,09-01-1994,09-01-1995
10089,58043,09-01-1995,09-01-1996
10089,61767,09-01-1996,08-01-1997
10089,62980,08-01-1997,08-01-1998
10089,62647,08-01-1998,08-01-1999
10089,64060,08-01-1999,08-01-2000
10089,65362,08-01-2000,07-01-2001
10089,66638,07-01-2001,07-01-2002
10089,70455,07-01-2002,01-01-9999
10090,46584,13-03-1990,13-03-1991
10090,46595,13-03-1991,12-03-1992
10090,48690,12-03-1992,12-03-1993
10090,51104,12-03-1993,12-03-1994
10090,57161,12-03-1994,12-03-1995
10090,60339,12-03-1995,11-03-1996
10090,64811,11-03-1996,11-03-1997
10090,66774,11-03-1997,11-03-1998
10090,65105,11-03-1998,11-03-1999
10090,68901,11-03-1999,07-05-1999
10091,32500,18-11-1992,18-11-1993
10091,33681,18-11-1993,18-11-1994
10091,39312,18-11-1994,18-11-1995
10091,39546,18-11-1995,17-11-1996
10091,40885,17-11-1996,17-11-1997
10091,41967,17-11-1997,17-11-1998
10091,42655,17-11-1998,17-11-1999
10091,46657,17-11-1999,16-11-2000
10091,53458,16-11-2000,16-11-2001
10091,57514,16-11-2001,01-01-9999
10092,46477,22-04-1996,22-04-1997
10092,47172,22-04-1997,22-04-1998
10092,50542,22-04-1998,22-04-1999
10092,54469,22-04-1999,21-04-2000
10092,55107,21-04-2000,21-04-2001
10092,54823,21-04-2001,21-04-2002
10092,59303,21-04-2002,01-01-9999
10093,63356,08-06-1997,08-06-1998
10093,63769,08-06-1998,08-06-1999
10093,67451,08-06-1999,07-06-2000
10093,74444,07-06-2000,07-06-2001
10093,76296,07-06-2001,07-06-2002
10093,80215,07-06-2002,01-01-9999
10094,58839,17-04-1990,17-04-1991
10094,61348,17-04-1991,16-04-1992
10094,65432,16-04-1992,16-04-1993
10094,66085,16-04-1993,16-04-1994
10094,66117,16-04-1994,16-04-1995
10094,69330,16-04-1995,15-04-1996
10094,73259,15-04-1996,15-04-1997
10094,77725,15-04-1997,08-11-1997
10095,59168,10-03-1994,10-03-1995
10095,61482,10-03-1995,09-03-1996
10095,61904,09-03-1996,09-03-1997
10095,63141,09-03-1997,09-03-1998
10095,63579,09-03-1998,09-03-1999
10095,65669,09-03-1999,08-03-2000
10095,71887,08-03-2000,08-03-2001
10095,74400,08-03-2001,08-03-2002
10095,78455,08-03-2002,01-01-9999
10096,56895,23-01-1999,23-01-2000
10096,61311,23-01-2000,22-01-2001
10096,63462,22-01-2001,22-01-2002
10096,66112,22-01-2002,01-01-9999
10097,37386,15-09-1990,15-09-1991
10097,40487,15-09-1991,14-09-1992
10097,42906,14-09-1992,14-09-1993
10097,44481,14-09-1993,14-09-1994
10097,48575,14-09-1994,14-09-1995
10097,49199,14-09-1995,13-09-1996
10097,52403,13-09-1996,13-09-1997
10097,54839,13-09-1997,13-09-1998
10097,56190,13-09-1998,13-09-1999
10097,59341,13-09-1999,12-09-2000
10097,65346,12-09-2000,12-09-2001
10097,67661,12-09-2001,01-01-9999
10098,43904,12-05-1990,12-05-1991
10098,46146,12-05-1991,11-05-1992
10098,48702,11-05-1992,11-12-1992
10099,67594,18-10-1990,18-10-1991
10099,70990,18-10-1991,17-10-1992
10099,73654,17-10-1992,17-10-1993
10099,73980,17-10-1993,17-10-1994
10099,77532,17-10-1994,17-10-1995
10099,77198,17-10-1995,16-10-1996
10099,78538,16-10-1996,16-10-1997
10099,78712,16-10-1997,16-10-1998
10099,81757,16-10-1998,16-10-1999
10099,85797,16-10-1999,15-10-2000
10099,88342,15-10-2000,15-10-2001
10099,91038,15-10-2001,01-01-9999
10100,50709,20-09-1990,20-09-1991
10100,50270,20-09-1991,19-09-1992
10100,51688,19-09-1992,19-09-1993
10100,53263,19-09-1993,19-09-1994
10100,57297,19-09-1994,19-09-1995
10100,60537,19-09-1995,18-09-1996
10100,61904,18-09-1996,18-09-1997
10100,63075,18-09-1997,18-09-1998
10100,62964,18-09-1998,18-09-1999
10100,64843,18-09-1999,17-09-2000
10100,66865,17-09-2000,17-09-2001
10100,67457,17-09-2001,01-01-9999
10101,59091,14-10-1998,14-10-1999
10101,59215,14-10-1999,23-09-2000
10102,36880,02-01-1995,02-01-1996
10102,36676,02-01-1996,01-01-1997
10102,36415,01-01-1997,01-01-1998
10102,39750,01-01-1998,01-01-1999
10102,44141,01-01-1999,01-01-2000
10102,47347,01-01-2000,31-12-2000
10102,49292,31-12-2000,31-12-2001
10102,53559,31-12-2001,01-01-9999
10103,61658,12-01-1998,12-01-1999
10103,66024,12-01-1999,12-01-2000
10103,72395,12-01-2000,11-01-2001
10103,74216,11-01-2001,11-01-2002
10103,77561,11-01-2002,01-01-9999
10104,43870,15-04-1990,15-04-1991
10104,45003,15-04-1991,14-04-1992
10104,49492,14-04-1992,14-04-1993
10104,52876,14-04-1993,14-04-1994
10104,59480,14-04-1994,14-04-1995
10104,62686,14-04-1995,13-04-1996
10104,64548,13-04-1996,13-04-1997
10104,64325,13-04-1997,13-04-1998
10104,66310,13-04-1998,13-04-1999
10104,70351,13-04-1999,12-04-2000
10104,77378,12-04-2000,12-04-2001
10104,79334,12-04-2001,12-04-2002
10104,79288,12-04-2002,01-01-9999
10105,52758,17-05-1999,16-05-2000
10105,59014,16-05-2000,16-05-2001
10105,58672,16-05-2001,11-06-2001
10106,55428,27-10-1991,25-10-1992
10106,57562,25-10-1992,26-10-1993
10106,58116,26-10-1993,26-10-1994
10106,64015,26-10-1994,26-10-1995
10106,65081,26-10-1995,25-10-1996
10106,69187,25-10-1996,25-10-1997
10106,68927,25-10-1997,25-10-1998
10106,70951,25-10-1998,25-10-1999
10106,74277,25-10-1999,24-10-2000
10106,78452,24-10-2000,24-10-2001
10106,80336,24-10-2001,01-01-9999
10107,85659,30-03-1999,29-03-2000
10107,89663,29-03-2000,29-03-2001
10107,92148,29-03-2001,29-03-2002
10107,94176,29-03-2002,01-01-9999
10108,33500,20-03-1999,19-03-2000
10108,40348,19-03-2000,19-03-2001
10108,43164,19-03-2001,20-10-2001
10109,32500,16-06-1993,16-06-1994
10109,35256,16-06-1994,16-06-1995
10109,38815,16-06-1995,15-06-1996
10109,39121,15-06-1996,15-06-1997
10109,39200,15-06-1997,15-06-1998
10109,39475,15-06-1998,15-06-1999
10109,43306,15-06-1999,14-06-2000
10109,43828,14-06-2000,14-06-2001
10109,43592,14-06-2001,14-06-2002
10109,45221,14-06-2002,01-01-9999
10110,51950,21-08-1990,21-08-1991
10110,52336,21-08-1991,20-08-1992
10110,54028,20-08-1992,20-08-1993
10110,58294,20-08-1993,20-08-1994
10110,62192,20-08-1994,20-08-1995
10110,66266,20-08-1995,19-08-1996
10110,69580,19-08-1996,19-08-1997
10110,73547,19-08-1997,19-08-1998
10110,74882,19-08-1998,19-08-1999
10110,78063,19-08-1999,18-08-2000
10110,82303,18-08-2000,18-08-2001
10110,85342,18-08-2001,01-01-9999
10111,37619,19-12-1990,19-12-1991
10111,38393,19-12-1991,18-12-1992
10111,37940,18-12-1992,18-12-1993
10111,37449,18-12-1993,18-12-1994
10111,38767,18-12-1994,18-12-1995
10111,40114,18-12-1995,17-12-1996
10111,40352,17-12-1996,17-12-1997
10111,40730,17-12-1997,17-12-1998
10111,44693,17-12-1998,17-12-1999
10111,46333,17-12-1999,16-12-2000
10111,49626,16-12-2000,16-12-2001
10111,49141,16-12-2001,01-01-9999
10112,42000,01-05-1998,01-05-1999
10112,44058,01-05-1999,30-04-2000
10112,48435,30-04-2000,30-04-2001
10112,51791,30-04-2001,30-04-2002
10112,53570,30-04-2002,01-01-9999
10113,63356,14-09-1998,14-09-1999
10113,65040,14-09-1999,13-09-2000
10113,70040,13-09-2000,13-09-2001
10113,72709,13-09-2001,01-01-9999
10114,42093,17-07-1992,17-07-1993
10114,45785,17-07-1993,17-07-1994
10114,46339,17-07-1994,17-07-1995
10114,46288,17-07-1995,16-07-1996
